"REF_DATE","GEO","VALUE"
"2022-01","Newfoundland and Labrador",927147
"2022-02","Newfoundland and Labrador",903733
"2022-03","Newfoundland and Labrador",915525
"2022-04","Newfoundland and Labrador",920444
"2022-05","Newfoundland and Labrador",934566
"2022-06","Newfoundland and Labrador",913765
"2022-07","Newfoundland and Labrador",941916
"2022-08","Newfoundland and Labrador",958844
"2022-09","Newfoundland and Labrador",942387
"2022-10","Newfoundland and Labrador",967901
"2022-11","Newfoundland and Labrador",941705
"2022-12","Newfoundland and Labrador",952611
"2023-01","Newfoundland and Labrador",980716
"2023-02","Newfoundland and Labrador",973441
"2023-03","Newfoundland and Labrador",933420
"2023-04","Newfoundland and Labrador",895532
"2023-05","Newfoundland and Labrador",975940
"2023-06","Newfoundland and Labrador",934164
"2023-07","Newfoundland and Labrador",982665
"2023-08","Newfoundland and Labrador",944223
"2023-09","Newfoundland and Labrador",941684
"2023-10","Newfoundland and Labrador",950825
"2023-11","Newfoundland and Labrador",945189
"2022-01","Newfoundland and Labrador",927147
"2022-02","Newfoundland and Labrador",903733
"2022-03","Newfoundland and Labrador",915525
"2022-04","Newfoundland and Labrador",920444
"2022-05","Newfoundland and Labrador",934566
"2022-06","Newfoundland and Labrador",913765
"2022-07","Newfoundland and Labrador",941916
"2022-08","Newfoundland and Labrador",958844
"2022-09","Newfoundland and Labrador",942387
"2022-10","Newfoundland and Labrador",967901
"2022-11","Newfoundland and Labrador",941705
"2022-12","Newfoundland and Labrador",952611
"2023-01","Newfoundland and Labrador",980716
"2023-02","Newfoundland and Labrador",973441
"2023-03","Newfoundland and Labrador",933420
"2023-04","Newfoundland and Labrador",895532
"2023-05","Newfoundland and Labrador",975940
"2023-06","Newfoundland and Labrador",934164
"2023-07","Newfoundland and Labrador",982665
"2023-08","Newfoundland and Labrador",945711
"2023-09","Newfoundland and Labrador",943509
"2023-10","Newfoundland and Labrador",956989
"2023-11","Newfoundland and Labrador",NA
"2022-01","Newfoundland and Labrador",927147
"2022-02","Newfoundland and Labrador",903733
"2022-03","Newfoundland and Labrador",915525
"2022-04","Newfoundland and Labrador",920444
"2022-05","Newfoundland and Labrador",934566
"2022-06","Newfoundland and Labrador",913765
"2022-07","Newfoundland and Labrador",941916
"2022-08","Newfoundland and Labrador",958844
"2022-09","Newfoundland and Labrador",942387
"2022-10","Newfoundland and Labrador",967901
"2022-11","Newfoundland and Labrador",941705
"2022-12","Newfoundland and Labrador",952611
"2023-01","Newfoundland and Labrador",980716
"2023-02","Newfoundland and Labrador",973441
"2023-03","Newfoundland and Labrador",933420
"2023-04","Newfoundland and Labrador",895532
"2023-05","Newfoundland and Labrador",975940
"2023-06","Newfoundland and Labrador",934164
"2023-07","Newfoundland and Labrador",982689
"2023-08","Newfoundland and Labrador",945866
"2023-09","Newfoundland and Labrador",945446
"2023-10","Newfoundland and Labrador",NA
"2023-11","Newfoundland and Labrador",NA
"2022-01","Newfoundland and Labrador",927147
"2022-02","Newfoundland and Labrador",903733
"2022-03","Newfoundland and Labrador",915525
"2022-04","Newfoundland and Labrador",920444
"2022-05","Newfoundland and Labrador",934566
"2022-06","Newfoundland and Labrador",913765
"2022-07","Newfoundland and Labrador",941916
"2022-08","Newfoundland and Labrador",958844
"2022-09","Newfoundland and Labrador",942387
"2022-10","Newfoundland and Labrador",967901
"2022-11","Newfoundland and Labrador",941705
"2022-12","Newfoundland and Labrador",952611
"2023-01","Newfoundland and Labrador",980716
"2023-02","Newfoundland and Labrador",973441
"2023-03","Newfoundland and Labrador",933420
"2023-04","Newfoundland and Labrador",895532
"2023-05","Newfoundland and Labrador",975940
"2023-06","Newfoundland and Labrador",937652
"2023-07","Newfoundland and Labrador",985522
"2023-08","Newfoundland and Labrador",958335
"2023-09","Newfoundland and Labrador",NA
"2023-10","Newfoundland and Labrador",NA
"2023-11","Newfoundland and Labrador",NA
"2022-01","Newfoundland and Labrador",927147
"2022-02","Newfoundland and Labrador",903733
"2022-03","Newfoundland and Labrador",915525
"2022-04","Newfoundland and Labrador",920444
"2022-05","Newfoundland and Labrador",934566
"2022-06","Newfoundland and Labrador",913765
"2022-07","Newfoundland and Labrador",941916
"2022-08","Newfoundland and Labrador",958844
"2022-09","Newfoundland and Labrador",942387
"2022-10","Newfoundland and Labrador",967901
"2022-11","Newfoundland and Labrador",941705
"2022-12","Newfoundland and Labrador",952611
"2023-01","Newfoundland and Labrador",980716
"2023-02","Newfoundland and Labrador",973441
"2023-03","Newfoundland and Labrador",933420
"2023-04","Newfoundland and Labrador",895532
"2023-05","Newfoundland and Labrador",978871
"2023-06","Newfoundland and Labrador",940817
"2023-07","Newfoundland and Labrador",969557
"2023-08","Newfoundland and Labrador",NA
"2023-09","Newfoundland and Labrador",NA
"2023-10","Newfoundland and Labrador",NA
"2023-11","Newfoundland and Labrador",NA
"2022-01","Prince Edward Island",270363
"2022-02","Prince Edward Island",270626
"2022-03","Prince Edward Island",268194
"2022-04","Prince Edward Island",269014
"2022-05","Prince Edward Island",281040
"2022-06","Prince Edward Island",286693
"2022-07","Prince Edward Island",288846
"2022-08","Prince Edward Island",281978
"2022-09","Prince Edward Island",278225
"2022-10","Prince Edward Island",292067
"2022-11","Prince Edward Island",291303
"2022-12","Prince Edward Island",288985
"2023-01","Prince Edward Island",297691
"2023-02","Prince Edward Island",302847
"2023-03","Prince Edward Island",287333
"2023-04","Prince Edward Island",284482
"2023-05","Prince Edward Island",296538
"2023-06","Prince Edward Island",293282
"2023-07","Prince Edward Island",297611
"2023-08","Prince Edward Island",303280
"2023-09","Prince Edward Island",303795
"2023-10","Prince Edward Island",301260
"2023-11","Prince Edward Island",306554
"2022-01","Prince Edward Island",270363
"2022-02","Prince Edward Island",270626
"2022-03","Prince Edward Island",268194
"2022-04","Prince Edward Island",269014
"2022-05","Prince Edward Island",281040
"2022-06","Prince Edward Island",286693
"2022-07","Prince Edward Island",288846
"2022-08","Prince Edward Island",281978
"2022-09","Prince Edward Island",278225
"2022-10","Prince Edward Island",292067
"2022-11","Prince Edward Island",291303
"2022-12","Prince Edward Island",288985
"2023-01","Prince Edward Island",297691
"2023-02","Prince Edward Island",302847
"2023-03","Prince Edward Island",287333
"2023-04","Prince Edward Island",284482
"2023-05","Prince Edward Island",296538
"2023-06","Prince Edward Island",293282
"2023-07","Prince Edward Island",297611
"2023-08","Prince Edward Island",303186
"2023-09","Prince Edward Island",303685
"2023-10","Prince Edward Island",303750
"2023-11","Prince Edward Island",NA
"2022-01","Prince Edward Island",270363
"2022-02","Prince Edward Island",270626
"2022-03","Prince Edward Island",268194
"2022-04","Prince Edward Island",269014
"2022-05","Prince Edward Island",281040
"2022-06","Prince Edward Island",286693
"2022-07","Prince Edward Island",288846
"2022-08","Prince Edward Island",281978
"2022-09","Prince Edward Island",278225
"2022-10","Prince Edward Island",292067
"2022-11","Prince Edward Island",291303
"2022-12","Prince Edward Island",288985
"2023-01","Prince Edward Island",297691
"2023-02","Prince Edward Island",302847
"2023-03","Prince Edward Island",287333
"2023-04","Prince Edward Island",284482
"2023-05","Prince Edward Island",296538
"2023-06","Prince Edward Island",293282
"2023-07","Prince Edward Island",298363
"2023-08","Prince Edward Island",304032
"2023-09","Prince Edward Island",306566
"2023-10","Prince Edward Island",NA
"2023-11","Prince Edward Island",NA
"2022-01","Prince Edward Island",270363
"2022-02","Prince Edward Island",270626
"2022-03","Prince Edward Island",268194
"2022-04","Prince Edward Island",269014
"2022-05","Prince Edward Island",281040
"2022-06","Prince Edward Island",286693
"2022-07","Prince Edward Island",288846
"2022-08","Prince Edward Island",281978
"2022-09","Prince Edward Island",278225
"2022-10","Prince Edward Island",292067
"2022-11","Prince Edward Island",291303
"2022-12","Prince Edward Island",288985
"2023-01","Prince Edward Island",297691
"2023-02","Prince Edward Island",302847
"2023-03","Prince Edward Island",287333
"2023-04","Prince Edward Island",284482
"2023-05","Prince Edward Island",296538
"2023-06","Prince Edward Island",293330
"2023-07","Prince Edward Island",298282
"2023-08","Prince Edward Island",305187
"2023-09","Prince Edward Island",NA
"2023-10","Prince Edward Island",NA
"2023-11","Prince Edward Island",NA
"2022-01","Prince Edward Island",270363
"2022-02","Prince Edward Island",270626
"2022-03","Prince Edward Island",268194
"2022-04","Prince Edward Island",269014
"2022-05","Prince Edward Island",281040
"2022-06","Prince Edward Island",286693
"2022-07","Prince Edward Island",288846
"2022-08","Prince Edward Island",281978
"2022-09","Prince Edward Island",278225
"2022-10","Prince Edward Island",292067
"2022-11","Prince Edward Island",291303
"2022-12","Prince Edward Island",288985
"2023-01","Prince Edward Island",297691
"2023-02","Prince Edward Island",302847
"2023-03","Prince Edward Island",287333
"2023-04","Prince Edward Island",284482
"2023-05","Prince Edward Island",294367
"2023-06","Prince Edward Island",290442
"2023-07","Prince Edward Island",287854
"2023-08","Prince Edward Island",NA
"2023-09","Prince Edward Island",NA
"2023-10","Prince Edward Island",NA
"2023-11","Prince Edward Island",NA
"2022-01","Nova Scotia",1610536
"2022-02","Nova Scotia",1707012
"2022-03","Nova Scotia",1679126
"2022-04","Nova Scotia",1689162
"2022-05","Nova Scotia",1739422
"2022-06","Nova Scotia",1723020
"2022-07","Nova Scotia",1748232
"2022-08","Nova Scotia",1714108
"2022-09","Nova Scotia",1688605
"2022-10","Nova Scotia",1779588
"2022-11","Nova Scotia",1774502
"2022-12","Nova Scotia",1751762
"2023-01","Nova Scotia",1820428
"2023-02","Nova Scotia",1766190
"2023-03","Nova Scotia",1723791
"2023-04","Nova Scotia",1795273
"2023-05","Nova Scotia",1775227
"2023-06","Nova Scotia",1761118
"2023-07","Nova Scotia",1726152
"2023-08","Nova Scotia",1759920
"2023-09","Nova Scotia",1768273
"2023-10","Nova Scotia",1771433
"2023-11","Nova Scotia",1755586
"2022-01","Nova Scotia",1610536
"2022-02","Nova Scotia",1707012
"2022-03","Nova Scotia",1679126
"2022-04","Nova Scotia",1689162
"2022-05","Nova Scotia",1739422
"2022-06","Nova Scotia",1723020
"2022-07","Nova Scotia",1748232
"2022-08","Nova Scotia",1714108
"2022-09","Nova Scotia",1688605
"2022-10","Nova Scotia",1779588
"2022-11","Nova Scotia",1774502
"2022-12","Nova Scotia",1751762
"2023-01","Nova Scotia",1820428
"2023-02","Nova Scotia",1766190
"2023-03","Nova Scotia",1723791
"2023-04","Nova Scotia",1795273
"2023-05","Nova Scotia",1775227
"2023-06","Nova Scotia",1761118
"2023-07","Nova Scotia",1726152
"2023-08","Nova Scotia",1761324
"2023-09","Nova Scotia",1773259
"2023-10","Nova Scotia",1777855
"2023-11","Nova Scotia",NA
"2022-01","Nova Scotia",1610536
"2022-02","Nova Scotia",1707012
"2022-03","Nova Scotia",1679126
"2022-04","Nova Scotia",1689162
"2022-05","Nova Scotia",1739422
"2022-06","Nova Scotia",1723020
"2022-07","Nova Scotia",1748232
"2022-08","Nova Scotia",1714108
"2022-09","Nova Scotia",1688605
"2022-10","Nova Scotia",1779588
"2022-11","Nova Scotia",1774502
"2022-12","Nova Scotia",1751762
"2023-01","Nova Scotia",1820428
"2023-02","Nova Scotia",1766190
"2023-03","Nova Scotia",1723791
"2023-04","Nova Scotia",1795273
"2023-05","Nova Scotia",1775227
"2023-06","Nova Scotia",1761118
"2023-07","Nova Scotia",1726339
"2023-08","Nova Scotia",1761596
"2023-09","Nova Scotia",1775770
"2023-10","Nova Scotia",NA
"2023-11","Nova Scotia",NA
"2022-01","Nova Scotia",1610536
"2022-02","Nova Scotia",1707012
"2022-03","Nova Scotia",1679126
"2022-04","Nova Scotia",1689162
"2022-05","Nova Scotia",1739422
"2022-06","Nova Scotia",1723020
"2022-07","Nova Scotia",1748232
"2022-08","Nova Scotia",1714108
"2022-09","Nova Scotia",1688605
"2022-10","Nova Scotia",1779588
"2022-11","Nova Scotia",1774502
"2022-12","Nova Scotia",1751762
"2023-01","Nova Scotia",1820428
"2023-02","Nova Scotia",1766190
"2023-03","Nova Scotia",1723791
"2023-04","Nova Scotia",1795273
"2023-05","Nova Scotia",1775227
"2023-06","Nova Scotia",1760376
"2023-07","Nova Scotia",1725136
"2023-08","Nova Scotia",1756879
"2023-09","Nova Scotia",NA
"2023-10","Nova Scotia",NA
"2023-11","Nova Scotia",NA
"2022-01","Nova Scotia",1610536
"2022-02","Nova Scotia",1707012
"2022-03","Nova Scotia",1679126
"2022-04","Nova Scotia",1689162
"2022-05","Nova Scotia",1739422
"2022-06","Nova Scotia",1723020
"2022-07","Nova Scotia",1748232
"2022-08","Nova Scotia",1714108
"2022-09","Nova Scotia",1688605
"2022-10","Nova Scotia",1779588
"2022-11","Nova Scotia",1774502
"2022-12","Nova Scotia",1751762
"2023-01","Nova Scotia",1820428
"2023-02","Nova Scotia",1766190
"2023-03","Nova Scotia",1723791
"2023-04","Nova Scotia",1795273
"2023-05","Nova Scotia",1772899
"2023-06","Nova Scotia",1757234
"2023-07","Nova Scotia",1718195
"2023-08","Nova Scotia",NA
"2023-09","Nova Scotia",NA
"2023-10","Nova Scotia",NA
"2023-11","Nova Scotia",NA
"2022-01","New Brunswick",1333776
"2022-02","New Brunswick",1336770
"2022-03","New Brunswick",1342349
"2022-04","New Brunswick",1340707
"2022-05","New Brunswick",1404213
"2022-06","New Brunswick",1383800
"2022-07","New Brunswick",1401075
"2022-08","New Brunswick",1368487
"2022-09","New Brunswick",1379997
"2022-10","New Brunswick",1442466
"2022-11","New Brunswick",1390284
"2022-12","New Brunswick",1376248
"2023-01","New Brunswick",1385819
"2023-02","New Brunswick",1489028
"2023-03","New Brunswick",1351657
"2023-04","New Brunswick",1400548
"2023-05","New Brunswick",1401408
"2023-06","New Brunswick",1440752
"2023-07","New Brunswick",1457169
"2023-08","New Brunswick",1449299
"2023-09","New Brunswick",1446375
"2023-10","New Brunswick",1472287
"2023-11","New Brunswick",1469862
"2022-01","New Brunswick",1333776
"2022-02","New Brunswick",1336770
"2022-03","New Brunswick",1342349
"2022-04","New Brunswick",1340707
"2022-05","New Brunswick",1404213
"2022-06","New Brunswick",1383800
"2022-07","New Brunswick",1401075
"2022-08","New Brunswick",1368487
"2022-09","New Brunswick",1379997
"2022-10","New Brunswick",1442466
"2022-11","New Brunswick",1390284
"2022-12","New Brunswick",1376248
"2023-01","New Brunswick",1385819
"2023-02","New Brunswick",1489028
"2023-03","New Brunswick",1351657
"2023-04","New Brunswick",1400548
"2023-05","New Brunswick",1401408
"2023-06","New Brunswick",1440752
"2023-07","New Brunswick",1457169
"2023-08","New Brunswick",1449266
"2023-09","New Brunswick",1445343
"2023-10","New Brunswick",1468293
"2023-11","New Brunswick",NA
"2022-01","New Brunswick",1333776
"2022-02","New Brunswick",1336770
"2022-03","New Brunswick",1342349
"2022-04","New Brunswick",1340707
"2022-05","New Brunswick",1404213
"2022-06","New Brunswick",1383800
"2022-07","New Brunswick",1401075
"2022-08","New Brunswick",1368487
"2022-09","New Brunswick",1379997
"2022-10","New Brunswick",1442466
"2022-11","New Brunswick",1390284
"2022-12","New Brunswick",1376248
"2023-01","New Brunswick",1385819
"2023-02","New Brunswick",1489028
"2023-03","New Brunswick",1351657
"2023-04","New Brunswick",1400548
"2023-05","New Brunswick",1401408
"2023-06","New Brunswick",1440752
"2023-07","New Brunswick",1454691
"2023-08","New Brunswick",1446356
"2023-09","New Brunswick",1443041
"2023-10","New Brunswick",NA
"2023-11","New Brunswick",NA
"2022-01","New Brunswick",1333776
"2022-02","New Brunswick",1336770
"2022-03","New Brunswick",1342349
"2022-04","New Brunswick",1340707
"2022-05","New Brunswick",1404213
"2022-06","New Brunswick",1383800
"2022-07","New Brunswick",1401075
"2022-08","New Brunswick",1368487
"2022-09","New Brunswick",1379997
"2022-10","New Brunswick",1442466
"2022-11","New Brunswick",1390284
"2022-12","New Brunswick",1376248
"2023-01","New Brunswick",1385819
"2023-02","New Brunswick",1489028
"2023-03","New Brunswick",1351657
"2023-04","New Brunswick",1400548
"2023-05","New Brunswick",1401408
"2023-06","New Brunswick",1442542
"2023-07","New Brunswick",1456747
"2023-08","New Brunswick",1442644
"2023-09","New Brunswick",NA
"2023-10","New Brunswick",NA
"2023-11","New Brunswick",NA
"2022-01","New Brunswick",1333776
"2022-02","New Brunswick",1336770
"2022-03","New Brunswick",1342349
"2022-04","New Brunswick",1340707
"2022-05","New Brunswick",1404213
"2022-06","New Brunswick",1383800
"2022-07","New Brunswick",1401075
"2022-08","New Brunswick",1368487
"2022-09","New Brunswick",1379997
"2022-10","New Brunswick",1442466
"2022-11","New Brunswick",1390284
"2022-12","New Brunswick",1376248
"2023-01","New Brunswick",1385819
"2023-02","New Brunswick",1489028
"2023-03","New Brunswick",1351657
"2023-04","New Brunswick",1400548
"2023-05","New Brunswick",1399852
"2023-06","New Brunswick",1440486
"2023-07","New Brunswick",1449293
"2023-08","New Brunswick",NA
"2023-09","New Brunswick",NA
"2023-10","New Brunswick",NA
"2023-11","New Brunswick",NA
"2022-01","Quebec",14036098
"2022-02","Quebec",14033311
"2022-03","Quebec",13895189
"2022-04","Quebec",13896378
"2022-05","Quebec",14433076
"2022-06","Quebec",14232987
"2022-07","Quebec",14221299
"2022-08","Quebec",14351635
"2022-09","Quebec",14138462
"2022-10","Quebec",14506705
"2022-11","Quebec",14458071
"2022-12","Quebec",14484510
"2023-01","Quebec",14618704
"2023-02","Quebec",14798435
"2023-03","Quebec",14629014
"2023-04","Quebec",14718248
"2023-05","Quebec",14488951
"2023-06","Quebec",14698719
"2023-07","Quebec",14923382
"2023-08","Quebec",14892690
"2023-09","Quebec",14969938
"2023-10","Quebec",15076645
"2023-11","Quebec",14861184
"2022-01","Quebec",14036098
"2022-02","Quebec",14033311
"2022-03","Quebec",13895189
"2022-04","Quebec",13896378
"2022-05","Quebec",14433076
"2022-06","Quebec",14232987
"2022-07","Quebec",14221299
"2022-08","Quebec",14351635
"2022-09","Quebec",14138462
"2022-10","Quebec",14506705
"2022-11","Quebec",14458071
"2022-12","Quebec",14484510
"2023-01","Quebec",14618704
"2023-02","Quebec",14798435
"2023-03","Quebec",14629014
"2023-04","Quebec",14718248
"2023-05","Quebec",14488951
"2023-06","Quebec",14698719
"2023-07","Quebec",14923382
"2023-08","Quebec",14910506
"2023-09","Quebec",14994913
"2023-10","Quebec",15103720
"2023-11","Quebec",NA
"2022-01","Quebec",14036098
"2022-02","Quebec",14033311
"2022-03","Quebec",13895189
"2022-04","Quebec",13896378
"2022-05","Quebec",14433076
"2022-06","Quebec",14232987
"2022-07","Quebec",14221299
"2022-08","Quebec",14351635
"2022-09","Quebec",14138462
"2022-10","Quebec",14506705
"2022-11","Quebec",14458071
"2022-12","Quebec",14484510
"2023-01","Quebec",14618704
"2023-02","Quebec",14798435
"2023-03","Quebec",14629014
"2023-04","Quebec",14718248
"2023-05","Quebec",14488951
"2023-06","Quebec",14698719
"2023-07","Quebec",14919515
"2023-08","Quebec",14905409
"2023-09","Quebec",14971682
"2023-10","Quebec",NA
"2023-11","Quebec",NA
"2022-01","Quebec",14036098
"2022-02","Quebec",14033311
"2022-03","Quebec",13895189
"2022-04","Quebec",13896378
"2022-05","Quebec",14433076
"2022-06","Quebec",14232987
"2022-07","Quebec",14221299
"2022-08","Quebec",14351635
"2022-09","Quebec",14138462
"2022-10","Quebec",14506705
"2022-11","Quebec",14458071
"2022-12","Quebec",14484510
"2023-01","Quebec",14618704
"2023-02","Quebec",14798435
"2023-03","Quebec",14629014
"2023-04","Quebec",14718248
"2023-05","Quebec",14488951
"2023-06","Quebec",14708062
"2023-07","Quebec",14927826
"2023-08","Quebec",14857365
"2023-09","Quebec",NA
"2023-10","Quebec",NA
"2023-11","Quebec",NA
"2022-01","Quebec",14036098
"2022-02","Quebec",14033311
"2022-03","Quebec",13895189
"2022-04","Quebec",13896378
"2022-05","Quebec",14433076
"2022-06","Quebec",14232987
"2022-07","Quebec",14221299
"2022-08","Quebec",14351635
"2022-09","Quebec",14138462
"2022-10","Quebec",14506705
"2022-11","Quebec",14458071
"2022-12","Quebec",14484510
"2023-01","Quebec",14618704
"2023-02","Quebec",14798435
"2023-03","Quebec",14629014
"2023-04","Quebec",14718248
"2023-05","Quebec",14485466
"2023-06","Quebec",14688076
"2023-07","Quebec",14838293
"2023-08","Quebec",NA
"2023-09","Quebec",NA
"2023-10","Quebec",NA
"2023-11","Quebec",NA
"2022-01","Ontario",24234561
"2022-02","Ontario",24310029
"2022-03","Ontario",24449807
"2022-04","Ontario",24616762
"2022-05","Ontario",25024064
"2022-06","Ontario",26018417
"2022-07","Ontario",24384537
"2022-08","Ontario",24320748
"2022-09","Ontario",24553180
"2022-10","Ontario",24490479
"2022-11","Ontario",24433107
"2022-12","Ontario",24556102
"2023-01","Ontario",24703125
"2023-02","Ontario",24936661
"2023-03","Ontario",24407457
"2023-04","Ontario",24737279
"2023-05","Ontario",24485298
"2023-06","Ontario",24818754
"2023-07","Ontario",24722076
"2023-08","Ontario",24683477
"2023-09","Ontario",24742910
"2023-10","Ontario",24879728
"2023-11","Ontario",24901047
"2022-01","Ontario",24234561
"2022-02","Ontario",24310029
"2022-03","Ontario",24449807
"2022-04","Ontario",24616762
"2022-05","Ontario",25024064
"2022-06","Ontario",26018417
"2022-07","Ontario",24384537
"2022-08","Ontario",24320748
"2022-09","Ontario",24553180
"2022-10","Ontario",24490479
"2022-11","Ontario",24433107
"2022-12","Ontario",24556102
"2023-01","Ontario",24703125
"2023-02","Ontario",24936661
"2023-03","Ontario",24407457
"2023-04","Ontario",24737279
"2023-05","Ontario",24485298
"2023-06","Ontario",24818754
"2023-07","Ontario",24722076
"2023-08","Ontario",24705406
"2023-09","Ontario",24764041
"2023-10","Ontario",25000782
"2023-11","Ontario",NA
"2022-01","Ontario",24234561
"2022-02","Ontario",24310029
"2022-03","Ontario",24449807
"2022-04","Ontario",24616762
"2022-05","Ontario",25024064
"2022-06","Ontario",26018417
"2022-07","Ontario",24384537
"2022-08","Ontario",24320748
"2022-09","Ontario",24553180
"2022-10","Ontario",24490479
"2022-11","Ontario",24433107
"2022-12","Ontario",24556102
"2023-01","Ontario",24703125
"2023-02","Ontario",24936661
"2023-03","Ontario",24407457
"2023-04","Ontario",24737279
"2023-05","Ontario",24485298
"2023-06","Ontario",24818754
"2023-07","Ontario",24711873
"2023-08","Ontario",24689039
"2023-09","Ontario",24767720
"2023-10","Ontario",NA
"2023-11","Ontario",NA
"2022-01","Ontario",24234561
"2022-02","Ontario",24310029
"2022-03","Ontario",24449807
"2022-04","Ontario",24616762
"2022-05","Ontario",25024064
"2022-06","Ontario",26018417
"2022-07","Ontario",24384537
"2022-08","Ontario",24320748
"2022-09","Ontario",24553180
"2022-10","Ontario",24490479
"2022-11","Ontario",24433107
"2022-12","Ontario",24556102
"2023-01","Ontario",24703125
"2023-02","Ontario",24936661
"2023-03","Ontario",24407457
"2023-04","Ontario",24737279
"2023-05","Ontario",24485298
"2023-06","Ontario",24843905
"2023-07","Ontario",24737436
"2023-08","Ontario",24731314
"2023-09","Ontario",NA
"2023-10","Ontario",NA
"2023-11","Ontario",NA
"2022-01","Ontario",24234561
"2022-02","Ontario",24310029
"2022-03","Ontario",24449807
"2022-04","Ontario",24616762
"2022-05","Ontario",25024064
"2022-06","Ontario",26018417
"2022-07","Ontario",24384537
"2022-08","Ontario",24320748
"2022-09","Ontario",24553180
"2022-10","Ontario",24490479
"2022-11","Ontario",24433107
"2022-12","Ontario",24556102
"2023-01","Ontario",24703125
"2023-02","Ontario",24936661
"2023-03","Ontario",24407457
"2023-04","Ontario",24737279
"2023-05","Ontario",24518655
"2023-06","Ontario",24890486
"2023-07","Ontario",24830661
"2023-08","Ontario",NA
"2023-09","Ontario",NA
"2023-10","Ontario",NA
"2023-11","Ontario",NA
"2022-01","Manitoba",2090269
"2022-02","Manitoba",2144870
"2022-03","Manitoba",2161744
"2022-04","Manitoba",2083495
"2022-05","Manitoba",2229843
"2022-06","Manitoba",2214811
"2022-07","Manitoba",2210276
"2022-08","Manitoba",2231006
"2022-09","Manitoba",2209132
"2022-10","Manitoba",2260312
"2022-11","Manitoba",2288205
"2022-12","Manitoba",2275146
"2023-01","Manitoba",2369089
"2023-02","Manitoba",2234486
"2023-03","Manitoba",2215969
"2023-04","Manitoba",2224585
"2023-05","Manitoba",2273037
"2023-06","Manitoba",2198507
"2023-07","Manitoba",2194497
"2023-08","Manitoba",2232767
"2023-09","Manitoba",2255147
"2023-10","Manitoba",2264883
"2023-11","Manitoba",2270681
"2022-01","Manitoba",2090269
"2022-02","Manitoba",2144870
"2022-03","Manitoba",2161744
"2022-04","Manitoba",2083495
"2022-05","Manitoba",2229843
"2022-06","Manitoba",2214811
"2022-07","Manitoba",2210276
"2022-08","Manitoba",2231006
"2022-09","Manitoba",2209132
"2022-10","Manitoba",2260312
"2022-11","Manitoba",2288205
"2022-12","Manitoba",2275146
"2023-01","Manitoba",2369089
"2023-02","Manitoba",2234486
"2023-03","Manitoba",2215969
"2023-04","Manitoba",2224585
"2023-05","Manitoba",2273037
"2023-06","Manitoba",2198507
"2023-07","Manitoba",2194497
"2023-08","Manitoba",2230959
"2023-09","Manitoba",2252106
"2023-10","Manitoba",2262529
"2023-11","Manitoba",NA
"2022-01","Manitoba",2090269
"2022-02","Manitoba",2144870
"2022-03","Manitoba",2161744
"2022-04","Manitoba",2083495
"2022-05","Manitoba",2229843
"2022-06","Manitoba",2214811
"2022-07","Manitoba",2210276
"2022-08","Manitoba",2231006
"2022-09","Manitoba",2209132
"2022-10","Manitoba",2260312
"2022-11","Manitoba",2288205
"2022-12","Manitoba",2275146
"2023-01","Manitoba",2369089
"2023-02","Manitoba",2234486
"2023-03","Manitoba",2215969
"2023-04","Manitoba",2224585
"2023-05","Manitoba",2273037
"2023-06","Manitoba",2198507
"2023-07","Manitoba",2195423
"2023-08","Manitoba",2232034
"2023-09","Manitoba",2259798
"2023-10","Manitoba",NA
"2023-11","Manitoba",NA
"2022-01","Manitoba",2090269
"2022-02","Manitoba",2144870
"2022-03","Manitoba",2161744
"2022-04","Manitoba",2083495
"2022-05","Manitoba",2229843
"2022-06","Manitoba",2214811
"2022-07","Manitoba",2210276
"2022-08","Manitoba",2231006
"2022-09","Manitoba",2209132
"2022-10","Manitoba",2260312
"2022-11","Manitoba",2288205
"2022-12","Manitoba",2275146
"2023-01","Manitoba",2369089
"2023-02","Manitoba",2234486
"2023-03","Manitoba",2215969
"2023-04","Manitoba",2224585
"2023-05","Manitoba",2273037
"2023-06","Manitoba",2194478
"2023-07","Manitoba",2192417
"2023-08","Manitoba",2227979
"2023-09","Manitoba",NA
"2023-10","Manitoba",NA
"2023-11","Manitoba",NA
"2022-01","Manitoba",2090269
"2022-02","Manitoba",2144870
"2022-03","Manitoba",2161744
"2022-04","Manitoba",2083495
"2022-05","Manitoba",2229843
"2022-06","Manitoba",2214811
"2022-07","Manitoba",2210276
"2022-08","Manitoba",2231006
"2022-09","Manitoba",2209132
"2022-10","Manitoba",2260312
"2022-11","Manitoba",2288205
"2022-12","Manitoba",2275146
"2023-01","Manitoba",2369089
"2023-02","Manitoba",2234486
"2023-03","Manitoba",2215969
"2023-04","Manitoba",2224585
"2023-05","Manitoba",2271799
"2023-06","Manitoba",2188531
"2023-07","Manitoba",2187098
"2023-08","Manitoba",NA
"2023-09","Manitoba",NA
"2023-10","Manitoba",NA
"2023-11","Manitoba",NA
"2022-01","Saskatchewan",2016840
"2022-02","Saskatchewan",2049255
"2022-03","Saskatchewan",2024775
"2022-04","Saskatchewan",2048833
"2022-05","Saskatchewan",2070236
"2022-06","Saskatchewan",2110529
"2022-07","Saskatchewan",2069413
"2022-08","Saskatchewan",2110437
"2022-09","Saskatchewan",2119847
"2022-10","Saskatchewan",2172581
"2022-11","Saskatchewan",2160407
"2022-12","Saskatchewan",2140771
"2023-01","Saskatchewan",2197969
"2023-02","Saskatchewan",2097761
"2023-03","Saskatchewan",2059956
"2023-04","Saskatchewan",2074041
"2023-05","Saskatchewan",2018136
"2023-06","Saskatchewan",2058633
"2023-07","Saskatchewan",2084568
"2023-08","Saskatchewan",2088913
"2023-09","Saskatchewan",2148877
"2023-10","Saskatchewan",2166388
"2023-11","Saskatchewan",2118073
"2022-01","Saskatchewan",2016840
"2022-02","Saskatchewan",2049255
"2022-03","Saskatchewan",2024775
"2022-04","Saskatchewan",2048833
"2022-05","Saskatchewan",2070236
"2022-06","Saskatchewan",2110529
"2022-07","Saskatchewan",2069413
"2022-08","Saskatchewan",2110437
"2022-09","Saskatchewan",2119847
"2022-10","Saskatchewan",2172581
"2022-11","Saskatchewan",2160407
"2022-12","Saskatchewan",2140771
"2023-01","Saskatchewan",2197969
"2023-02","Saskatchewan",2097761
"2023-03","Saskatchewan",2059956
"2023-04","Saskatchewan",2074041
"2023-05","Saskatchewan",2018136
"2023-06","Saskatchewan",2058633
"2023-07","Saskatchewan",2084568
"2023-08","Saskatchewan",2094363
"2023-09","Saskatchewan",2157172
"2023-10","Saskatchewan",2195419
"2023-11","Saskatchewan",NA
"2022-01","Saskatchewan",2016840
"2022-02","Saskatchewan",2049255
"2022-03","Saskatchewan",2024775
"2022-04","Saskatchewan",2048833
"2022-05","Saskatchewan",2070236
"2022-06","Saskatchewan",2110529
"2022-07","Saskatchewan",2069413
"2022-08","Saskatchewan",2110437
"2022-09","Saskatchewan",2119847
"2022-10","Saskatchewan",2172581
"2022-11","Saskatchewan",2160407
"2022-12","Saskatchewan",2140771
"2023-01","Saskatchewan",2197969
"2023-02","Saskatchewan",2097761
"2023-03","Saskatchewan",2059956
"2023-04","Saskatchewan",2074041
"2023-05","Saskatchewan",2018136
"2023-06","Saskatchewan",2058633
"2023-07","Saskatchewan",2078142
"2023-08","Saskatchewan",2086328
"2023-09","Saskatchewan",2148086
"2023-10","Saskatchewan",NA
"2023-11","Saskatchewan",NA
"2022-01","Saskatchewan",2016840
"2022-02","Saskatchewan",2049255
"2022-03","Saskatchewan",2024775
"2022-04","Saskatchewan",2048833
"2022-05","Saskatchewan",2070236
"2022-06","Saskatchewan",2110529
"2022-07","Saskatchewan",2069413
"2022-08","Saskatchewan",2110437
"2022-09","Saskatchewan",2119847
"2022-10","Saskatchewan",2172581
"2022-11","Saskatchewan",2160407
"2022-12","Saskatchewan",2140771
"2023-01","Saskatchewan",2197969
"2023-02","Saskatchewan",2097761
"2023-03","Saskatchewan",2059956
"2023-04","Saskatchewan",2074041
"2023-05","Saskatchewan",2018136
"2023-06","Saskatchewan",2053774
"2023-07","Saskatchewan",2071252
"2023-08","Saskatchewan",2070707
"2023-09","Saskatchewan",NA
"2023-10","Saskatchewan",NA
"2023-11","Saskatchewan",NA
"2022-01","Saskatchewan",2016840
"2022-02","Saskatchewan",2049255
"2022-03","Saskatchewan",2024775
"2022-04","Saskatchewan",2048833
"2022-05","Saskatchewan",2070236
"2022-06","Saskatchewan",2110529
"2022-07","Saskatchewan",2069413
"2022-08","Saskatchewan",2110437
"2022-09","Saskatchewan",2119847
"2022-10","Saskatchewan",2172581
"2022-11","Saskatchewan",2160407
"2022-12","Saskatchewan",2140771
"2023-01","Saskatchewan",2197969
"2023-02","Saskatchewan",2097761
"2023-03","Saskatchewan",2059956
"2023-04","Saskatchewan",2074041
"2023-05","Saskatchewan",2016760
"2023-06","Saskatchewan",2051783
"2023-07","Saskatchewan",2067424
"2023-08","Saskatchewan",NA
"2023-09","Saskatchewan",NA
"2023-10","Saskatchewan",NA
"2023-11","Saskatchewan",NA
"2022-01","Alberta",7679581
"2022-02","Alberta",7794531
"2022-03","Alberta",7969592
"2022-04","Alberta",7989056
"2022-05","Alberta",8305570
"2022-06","Alberta",8121051
"2022-07","Alberta",8302778
"2022-08","Alberta",8312320
"2022-09","Alberta",8205353
"2022-10","Alberta",8335571
"2022-11","Alberta",8360709
"2022-12","Alberta",8431294
"2023-01","Alberta",8663913
"2023-02","Alberta",8488163
"2023-03","Alberta",8384050
"2023-04","Alberta",8442229
"2023-05","Alberta",8570667
"2023-06","Alberta",8446955
"2023-07","Alberta",8414745
"2023-08","Alberta",8473136
"2023-09","Alberta",8541074
"2023-10","Alberta",8520714
"2023-11","Alberta",8571128
"2022-01","Alberta",7679581
"2022-02","Alberta",7794531
"2022-03","Alberta",7969592
"2022-04","Alberta",7989056
"2022-05","Alberta",8305570
"2022-06","Alberta",8121051
"2022-07","Alberta",8302778
"2022-08","Alberta",8312320
"2022-09","Alberta",8205353
"2022-10","Alberta",8335571
"2022-11","Alberta",8360709
"2022-12","Alberta",8431294
"2023-01","Alberta",8663913
"2023-02","Alberta",8488163
"2023-03","Alberta",8384050
"2023-04","Alberta",8442229
"2023-05","Alberta",8570667
"2023-06","Alberta",8446955
"2023-07","Alberta",8414745
"2023-08","Alberta",8476730
"2023-09","Alberta",8543536
"2023-10","Alberta",8528698
"2023-11","Alberta",NA
"2022-01","Alberta",7679581
"2022-02","Alberta",7794531
"2022-03","Alberta",7969592
"2022-04","Alberta",7989056
"2022-05","Alberta",8305570
"2022-06","Alberta",8121051
"2022-07","Alberta",8302778
"2022-08","Alberta",8312320
"2022-09","Alberta",8205353
"2022-10","Alberta",8335571
"2022-11","Alberta",8360709
"2022-12","Alberta",8431294
"2023-01","Alberta",8663913
"2023-02","Alberta",8488163
"2023-03","Alberta",8384050
"2023-04","Alberta",8442229
"2023-05","Alberta",8570667
"2023-06","Alberta",8446955
"2023-07","Alberta",8418222
"2023-08","Alberta",8481577
"2023-09","Alberta",8559673
"2023-10","Alberta",NA
"2023-11","Alberta",NA
"2022-01","Alberta",7679581
"2022-02","Alberta",7794531
"2022-03","Alberta",7969592
"2022-04","Alberta",7989056
"2022-05","Alberta",8305570
"2022-06","Alberta",8121051
"2022-07","Alberta",8302778
"2022-08","Alberta",8312320
"2022-09","Alberta",8205353
"2022-10","Alberta",8335571
"2022-11","Alberta",8360709
"2022-12","Alberta",8431294
"2023-01","Alberta",8663913
"2023-02","Alberta",8488163
"2023-03","Alberta",8384050
"2023-04","Alberta",8442229
"2023-05","Alberta",8570667
"2023-06","Alberta",8454973
"2023-07","Alberta",8427117
"2023-08","Alberta",8502377
"2023-09","Alberta",NA
"2023-10","Alberta",NA
"2023-11","Alberta",NA
"2022-01","Alberta",7679581
"2022-02","Alberta",7794531
"2022-03","Alberta",7969592
"2022-04","Alberta",7989056
"2022-05","Alberta",8305570
"2022-06","Alberta",8121051
"2022-07","Alberta",8302778
"2022-08","Alberta",8312320
"2022-09","Alberta",8205353
"2022-10","Alberta",8335571
"2022-11","Alberta",8360709
"2022-12","Alberta",8431294
"2023-01","Alberta",8663913
"2023-02","Alberta",8488163
"2023-03","Alberta",8384050
"2023-04","Alberta",8442229
"2023-05","Alberta",8568365
"2023-06","Alberta",8449633
"2023-07","Alberta",8415576
"2023-08","Alberta",NA
"2023-09","Alberta",NA
"2023-10","Alberta",NA
"2023-11","Alberta",NA
"2022-01","British Columbia",8827284
"2022-02","British Columbia",8832092
"2022-03","British Columbia",8840646
"2022-04","British Columbia",8959229
"2022-05","British Columbia",9079182
"2022-06","British Columbia",9078781
"2022-07","British Columbia",9041067
"2022-08","British Columbia",9144939
"2022-09","British Columbia",8978529
"2022-10","British Columbia",9054851
"2022-11","British Columbia",9092190
"2022-12","British Columbia",8960346
"2023-01","British Columbia",9115422
"2023-02","British Columbia",8823549
"2023-03","British Columbia",8907392
"2023-04","British Columbia",8993988
"2023-05","British Columbia",9312942
"2023-06","British Columbia",8996690
"2023-07","British Columbia",9117044
"2023-08","British Columbia",9032222
"2023-09","British Columbia",9085736
"2023-10","British Columbia",9113650
"2023-11","British Columbia",9178536
"2022-01","British Columbia",8827284
"2022-02","British Columbia",8832092
"2022-03","British Columbia",8840646
"2022-04","British Columbia",8959229
"2022-05","British Columbia",9079182
"2022-06","British Columbia",9078781
"2022-07","British Columbia",9041067
"2022-08","British Columbia",9144939
"2022-09","British Columbia",8978529
"2022-10","British Columbia",9054851
"2022-11","British Columbia",9092190
"2022-12","British Columbia",8960346
"2023-01","British Columbia",9115422
"2023-02","British Columbia",8823549
"2023-03","British Columbia",8907392
"2023-04","British Columbia",8993988
"2023-05","British Columbia",9312942
"2023-06","British Columbia",8996690
"2023-07","British Columbia",9117044
"2023-08","British Columbia",9025914
"2023-09","British Columbia",9073748
"2023-10","British Columbia",9118442
"2023-11","British Columbia",NA
"2022-01","British Columbia",8827284
"2022-02","British Columbia",8832092
"2022-03","British Columbia",8840646
"2022-04","British Columbia",8959229
"2022-05","British Columbia",9079182
"2022-06","British Columbia",9078781
"2022-07","British Columbia",9041067
"2022-08","British Columbia",9144939
"2022-09","British Columbia",8978529
"2022-10","British Columbia",9054851
"2022-11","British Columbia",9092190
"2022-12","British Columbia",8960346
"2023-01","British Columbia",9115422
"2023-02","British Columbia",8823549
"2023-03","British Columbia",8907392
"2023-04","British Columbia",8993988
"2023-05","British Columbia",9312942
"2023-06","British Columbia",8996690
"2023-07","British Columbia",9113592
"2023-08","British Columbia",9020529
"2023-09","British Columbia",9060815
"2023-10","British Columbia",NA
"2023-11","British Columbia",NA
"2022-01","British Columbia",8827284
"2022-02","British Columbia",8832092
"2022-03","British Columbia",8840646
"2022-04","British Columbia",8959229
"2022-05","British Columbia",9079182
"2022-06","British Columbia",9078781
"2022-07","British Columbia",9041067
"2022-08","British Columbia",9144939
"2022-09","British Columbia",8978529
"2022-10","British Columbia",9054851
"2022-11","British Columbia",9092190
"2022-12","British Columbia",8960346
"2023-01","British Columbia",9115422
"2023-02","British Columbia",8823549
"2023-03","British Columbia",8907392
"2023-04","British Columbia",8993988
"2023-05","British Columbia",9312942
"2023-06","British Columbia",8991103
"2023-07","British Columbia",9114160
"2023-08","British Columbia",9009999
"2023-09","British Columbia",NA
"2023-10","British Columbia",NA
"2023-11","British Columbia",NA
"2022-01","British Columbia",8827284
"2022-02","British Columbia",8832092
"2022-03","British Columbia",8840646
"2022-04","British Columbia",8959229
"2022-05","British Columbia",9079182
"2022-06","British Columbia",9078781
"2022-07","British Columbia",9041067
"2022-08","British Columbia",9144939
"2022-09","British Columbia",8978529
"2022-10","British Columbia",9054851
"2022-11","British Columbia",9092190
"2022-12","British Columbia",8960346
"2023-01","British Columbia",9115422
"2023-02","British Columbia",8823549
"2023-03","British Columbia",8907392
"2023-04","British Columbia",8993988
"2023-05","British Columbia",9316743
"2023-06","British Columbia",9017583
"2023-07","British Columbia",9146657
"2023-08","British Columbia",NA
"2023-09","British Columbia",NA
"2023-10","British Columbia",NA
"2023-11","British Columbia",NA
"2022-01","Yukon",86483
"2022-02","Yukon",86471
"2022-03","Yukon",88760
"2022-04","Yukon",88900
"2022-05","Yukon",91332
"2022-06","Yukon",97515
"2022-07","Yukon",92718
"2022-08","Yukon",92845
"2022-09","Yukon",89043
"2022-10","Yukon",90847
"2022-11","Yukon",90625
"2022-12","Yukon",89672
"2023-01","Yukon",96548
"2023-02","Yukon",94197
"2023-03","Yukon",92233
"2023-04","Yukon",94491
"2023-05","Yukon",96369
"2023-06","Yukon",98876
"2023-07","Yukon",106350
"2023-08","Yukon",104170
"2023-09","Yukon",97656
"2023-10","Yukon",94973
"2023-11","Yukon",97695
"2022-01","Yukon",86483
"2022-02","Yukon",86471
"2022-03","Yukon",88760
"2022-04","Yukon",88900
"2022-05","Yukon",91332
"2022-06","Yukon",97515
"2022-07","Yukon",92718
"2022-08","Yukon",92845
"2022-09","Yukon",89043
"2022-10","Yukon",90847
"2022-11","Yukon",90625
"2022-12","Yukon",89672
"2023-01","Yukon",96548
"2023-02","Yukon",94197
"2023-03","Yukon",92233
"2023-04","Yukon",94491
"2023-05","Yukon",96369
"2023-06","Yukon",98876
"2023-07","Yukon",106350
"2023-08","Yukon",104118
"2023-09","Yukon",97510
"2023-10","Yukon",94851
"2023-11","Yukon",NA
"2022-01","Yukon",86483
"2022-02","Yukon",86471
"2022-03","Yukon",88760
"2022-04","Yukon",88900
"2022-05","Yukon",91332
"2022-06","Yukon",97515
"2022-07","Yukon",92718
"2022-08","Yukon",92845
"2022-09","Yukon",89043
"2022-10","Yukon",90847
"2022-11","Yukon",90625
"2022-12","Yukon",89672
"2023-01","Yukon",96548
"2023-02","Yukon",94197
"2023-03","Yukon",92233
"2023-04","Yukon",94491
"2023-05","Yukon",96369
"2023-06","Yukon",98876
"2023-07","Yukon",106379
"2023-08","Yukon",104195
"2023-09","Yukon",96394
"2023-10","Yukon",NA
"2023-11","Yukon",NA
"2022-01","Yukon",86483
"2022-02","Yukon",86471
"2022-03","Yukon",88760
"2022-04","Yukon",88900
"2022-05","Yukon",91332
"2022-06","Yukon",97515
"2022-07","Yukon",92718
"2022-08","Yukon",92845
"2022-09","Yukon",89043
"2022-10","Yukon",90847
"2022-11","Yukon",90625
"2022-12","Yukon",89672
"2023-01","Yukon",96548
"2023-02","Yukon",94197
"2023-03","Yukon",92233
"2023-04","Yukon",94491
"2023-05","Yukon",96369
"2023-06","Yukon",99938
"2023-07","Yukon",107040
"2023-08","Yukon",105348
"2023-09","Yukon",NA
"2023-10","Yukon",NA
"2023-11","Yukon",NA
"2022-01","Yukon",86483
"2022-02","Yukon",86471
"2022-03","Yukon",88760
"2022-04","Yukon",88900
"2022-05","Yukon",91332
"2022-06","Yukon",97515
"2022-07","Yukon",92718
"2022-08","Yukon",92845
"2022-09","Yukon",89043
"2022-10","Yukon",90847
"2022-11","Yukon",90625
"2022-12","Yukon",89672
"2023-01","Yukon",96548
"2023-02","Yukon",94197
"2023-03","Yukon",92233
"2023-04","Yukon",94491
"2023-05","Yukon",96151
"2023-06","Yukon",99574
"2023-07","Yukon",107275
"2023-08","Yukon",NA
"2023-09","Yukon",NA
"2023-10","Yukon",NA
"2023-11","Yukon",NA
"2022-01","Northwest Territories",74289
"2022-02","Northwest Territories",72514
"2022-03","Northwest Territories",75095
"2022-04","Northwest Territories",76390
"2022-05","Northwest Territories",79560
"2022-06","Northwest Territories",79997
"2022-07","Northwest Territories",75487
"2022-08","Northwest Territories",75755
"2022-09","Northwest Territories",78038
"2022-10","Northwest Territories",78987
"2022-11","Northwest Territories",75116
"2022-12","Northwest Territories",75236
"2023-01","Northwest Territories",78968
"2023-02","Northwest Territories",78786
"2023-03","Northwest Territories",75055
"2023-04","Northwest Territories",76584
"2023-05","Northwest Territories",79108
"2023-06","Northwest Territories",75006
"2023-07","Northwest Territories",77513
"2023-08","Northwest Territories",58124
"2023-09","Northwest Territories",66535
"2023-10","Northwest Territories",84999
"2023-11","Northwest Territories",83091
"2022-01","Northwest Territories",74289
"2022-02","Northwest Territories",72514
"2022-03","Northwest Territories",75095
"2022-04","Northwest Territories",76390
"2022-05","Northwest Territories",79560
"2022-06","Northwest Territories",79997
"2022-07","Northwest Territories",75487
"2022-08","Northwest Territories",75755
"2022-09","Northwest Territories",78038
"2022-10","Northwest Territories",78987
"2022-11","Northwest Territories",75116
"2022-12","Northwest Territories",75236
"2023-01","Northwest Territories",78968
"2023-02","Northwest Territories",78786
"2023-03","Northwest Territories",75055
"2023-04","Northwest Territories",76584
"2023-05","Northwest Territories",79108
"2023-06","Northwest Territories",75006
"2023-07","Northwest Territories",77513
"2023-08","Northwest Territories",58000
"2023-09","Northwest Territories",66618
"2023-10","Northwest Territories",81708
"2023-11","Northwest Territories",NA
"2022-01","Northwest Territories",74289
"2022-02","Northwest Territories",72514
"2022-03","Northwest Territories",75095
"2022-04","Northwest Territories",76390
"2022-05","Northwest Territories",79560
"2022-06","Northwest Territories",79997
"2022-07","Northwest Territories",75487
"2022-08","Northwest Territories",75755
"2022-09","Northwest Territories",78038
"2022-10","Northwest Territories",78987
"2022-11","Northwest Territories",75116
"2022-12","Northwest Territories",75236
"2023-01","Northwest Territories",78968
"2023-02","Northwest Territories",78786
"2023-03","Northwest Territories",75055
"2023-04","Northwest Territories",76584
"2023-05","Northwest Territories",79108
"2023-06","Northwest Territories",75006
"2023-07","Northwest Territories",76526
"2023-08","Northwest Territories",58027
"2023-09","Northwest Territories",73453
"2023-10","Northwest Territories",NA
"2023-11","Northwest Territories",NA
"2022-01","Northwest Territories",74289
"2022-02","Northwest Territories",72514
"2022-03","Northwest Territories",75095
"2022-04","Northwest Territories",76390
"2022-05","Northwest Territories",79560
"2022-06","Northwest Territories",79997
"2022-07","Northwest Territories",75487
"2022-08","Northwest Territories",75755
"2022-09","Northwest Territories",78038
"2022-10","Northwest Territories",78987
"2022-11","Northwest Territories",75116
"2022-12","Northwest Territories",75236
"2023-01","Northwest Territories",78968
"2023-02","Northwest Territories",78786
"2023-03","Northwest Territories",75055
"2023-04","Northwest Territories",76584
"2023-05","Northwest Territories",79108
"2023-06","Northwest Territories",75563
"2023-07","Northwest Territories",77145
"2023-08","Northwest Territories",60095
"2023-09","Northwest Territories",NA
"2023-10","Northwest Territories",NA
"2023-11","Northwest Territories",NA
"2022-01","Northwest Territories",74289
"2022-02","Northwest Territories",72514
"2022-03","Northwest Territories",75095
"2022-04","Northwest Territories",76390
"2022-05","Northwest Territories",79560
"2022-06","Northwest Territories",79997
"2022-07","Northwest Territories",75487
"2022-08","Northwest Territories",75755
"2022-09","Northwest Territories",78038
"2022-10","Northwest Territories",78987
"2022-11","Northwest Territories",75116
"2022-12","Northwest Territories",75236
"2023-01","Northwest Territories",78968
"2023-02","Northwest Territories",78786
"2023-03","Northwest Territories",75055
"2023-04","Northwest Territories",76584
"2023-05","Northwest Territories",79362
"2023-06","Northwest Territories",75969
"2023-07","Northwest Territories",79419
"2023-08","Northwest Territories",NA
"2023-09","Northwest Territories",NA
"2023-10","Northwest Territories",NA
"2023-11","Northwest Territories",NA
"2022-01","Nunavut",50130
"2022-02","Nunavut",48275
"2022-03","Nunavut",46914
"2022-04","Nunavut",48635
"2022-05","Nunavut",47230
"2022-06","Nunavut",47139
"2022-07","Nunavut",47341
"2022-08","Nunavut",48163
"2022-09","Nunavut",48576
"2022-10","Nunavut",50578
"2022-11","Nunavut",50626
"2022-12","Nunavut",49783
"2023-01","Nunavut",49857
"2023-02","Nunavut",51259
"2023-03","Nunavut",49949
"2023-04","Nunavut",50247
"2023-05","Nunavut",49915
"2023-06","Nunavut",49320
"2023-07","Nunavut",50750
"2023-08","Nunavut",51688
"2023-09","Nunavut",54318
"2023-10","Nunavut",54339
"2023-11","Nunavut",49782
"2022-01","Nunavut",50130
"2022-02","Nunavut",48275
"2022-03","Nunavut",46914
"2022-04","Nunavut",48635
"2022-05","Nunavut",47230
"2022-06","Nunavut",47139
"2022-07","Nunavut",47341
"2022-08","Nunavut",48163
"2022-09","Nunavut",48576
"2022-10","Nunavut",50578
"2022-11","Nunavut",50626
"2022-12","Nunavut",49783
"2023-01","Nunavut",49857
"2023-02","Nunavut",51259
"2023-03","Nunavut",49949
"2023-04","Nunavut",50247
"2023-05","Nunavut",49915
"2023-06","Nunavut",49320
"2023-07","Nunavut",50750
"2023-08","Nunavut",52026
"2023-09","Nunavut",54551
"2023-10","Nunavut",55050
"2023-11","Nunavut",NA
"2022-01","Nunavut",50130
"2022-02","Nunavut",48275
"2022-03","Nunavut",46914
"2022-04","Nunavut",48635
"2022-05","Nunavut",47230
"2022-06","Nunavut",47139
"2022-07","Nunavut",47341
"2022-08","Nunavut",48163
"2022-09","Nunavut",48576
"2022-10","Nunavut",50578
"2022-11","Nunavut",50626
"2022-12","Nunavut",49783
"2023-01","Nunavut",49857
"2023-02","Nunavut",51259
"2023-03","Nunavut",49949
"2023-04","Nunavut",50247
"2023-05","Nunavut",49915
"2023-06","Nunavut",49320
"2023-07","Nunavut",50517
"2023-08","Nunavut",51743
"2023-09","Nunavut",54628
"2023-10","Nunavut",NA
"2023-11","Nunavut",NA
"2022-01","Nunavut",50130
"2022-02","Nunavut",48275
"2022-03","Nunavut",46914
"2022-04","Nunavut",48635
"2022-05","Nunavut",47230
"2022-06","Nunavut",47139
"2022-07","Nunavut",47341
"2022-08","Nunavut",48163
"2022-09","Nunavut",48576
"2022-10","Nunavut",50578
"2022-11","Nunavut",50626
"2022-12","Nunavut",49783
"2023-01","Nunavut",49857
"2023-02","Nunavut",51259
"2023-03","Nunavut",49949
"2023-04","Nunavut",50247
"2023-05","Nunavut",49915
"2023-06","Nunavut",49132
"2023-07","Nunavut",50248
"2023-08","Nunavut",51140
"2023-09","Nunavut",NA
"2023-10","Nunavut",NA
"2023-11","Nunavut",NA
"2022-01","Nunavut",50130
"2022-02","Nunavut",48275
"2022-03","Nunavut",46914
"2022-04","Nunavut",48635
"2022-05","Nunavut",47230
"2022-06","Nunavut",47139
"2022-07","Nunavut",47341
"2022-08","Nunavut",48163
"2022-09","Nunavut",48576
"2022-10","Nunavut",50578
"2022-11","Nunavut",50626
"2022-12","Nunavut",49783
"2023-01","Nunavut",49857
"2023-02","Nunavut",51259
"2023-03","Nunavut",49949
"2023-04","Nunavut",50247
"2023-05","Nunavut",49841
"2023-06","Nunavut",49046
"2023-07","Nunavut",50491
"2023-08","Nunavut",NA
"2023-09","Nunavut",NA
"2023-10","Nunavut",NA
"2023-11","Nunavut",NA
