"REF_DATE","GEO","DGUID","Electric power, components","UOM","UOM_ID","SCALAR_FACTOR","SCALAR_ID","VECTOR","COORDINATE","VALUE","STATUS","SYMBOL","TERMINATED","DECIMALS"
"2022-01","Newfoundland and Labrador","2016A000210","Total generation","Megawatt hours","210","units","0","v44159046","2.1","4501677","","","","0"
"2022-02","Newfoundland and Labrador","2016A000210","Total generation","Megawatt hours","210","units","0","v44159046","2.1","4119837","","","","0"
"2022-03","Newfoundland and Labrador","2016A000210","Total generation","Megawatt hours","210","units","0","v44159046","2.1","4202358","","","","0"
"2022-04","Newfoundland and Labrador","2016A000210","Total generation","Megawatt hours","210","units","0","v44159046","2.1","3356896","","","","0"
"2022-05","Newfoundland and Labrador","2016A000210","Total generation","Megawatt hours","210","units","0","v44159046","2.1","2939704","","","","0"
"2022-06","Newfoundland and Labrador","2016A000210","Total generation","Megawatt hours","210","units","0","v44159046","2.1","2822154","","","","0"
"2022-07","Newfoundland and Labrador","2016A000210","Total generation","Megawatt hours","210","units","0","v44159046","2.1","2791548","","","","0"
"2022-08","Newfoundland and Labrador","2016A000210","Total generation","Megawatt hours","210","units","0","v44159046","2.1","2773519","","","","0"
"2022-09","Newfoundland and Labrador","2016A000210","Total generation","Megawatt hours","210","units","0","v44159046","2.1","2898681","","","","0"
"2022-10","Newfoundland and Labrador","2016A000210","Total generation","Megawatt hours","210","units","0","v44159046","2.1","3059730","","","","0"
"2022-11","Newfoundland and Labrador","2016A000210","Total generation","Megawatt hours","210","units","0","v44159046","2.1","4113775","","","","0"
"2022-12","Newfoundland and Labrador","2016A000210","Total generation","Megawatt hours","210","units","0","v44159046","2.1","3982170","","","","0"
"2023-01","Newfoundland and Labrador","2016A000210","Total generation","Megawatt hours","210","units","0","v44159046","2.1","4619205","","","","0"
"2023-02","Newfoundland and Labrador","2016A000210","Total generation","Megawatt hours","210","units","0","v44159046","2.1","4638345","","","","0"
"2023-03","Newfoundland and Labrador","2016A000210","Total generation","Megawatt hours","210","units","0","v44159046","2.1","4962936","","","","0"
"2023-04","Newfoundland and Labrador","2016A000210","Total generation","Megawatt hours","210","units","0","v44159046","2.1","3949694","","","","0"
"2023-05","Newfoundland and Labrador","2016A000210","Total generation","Megawatt hours","210","units","0","v44159046","2.1","3202546","","","","0"
"2023-06","Newfoundland and Labrador","2016A000210","Total generation","Megawatt hours","210","units","0","v44159046","2.1","2695193","","","","0"
"2023-07","Newfoundland and Labrador","2016A000210","Total generation","Megawatt hours","210","units","0","v44159046","2.1","3047061","","","","0"
"2023-08","Newfoundland and Labrador","2016A000210","Total generation","Megawatt hours","210","units","0","v44159046","2.1","3139042","","","","0"
"2023-09","Newfoundland and Labrador","2016A000210","Total generation","Megawatt hours","210","units","0","v44159046","2.1","2993643","","","","0"
"2023-10","Newfoundland and Labrador","2016A000210","Total generation","Megawatt hours","210","units","0","v44159046","2.1","3335319","","","","0"
"2023-11","Newfoundland and Labrador","2016A000210","Total generation","Megawatt hours","210","units","0","v44159046","2.1","4632345","","","","0"
"2022-01","Newfoundland and Labrador","2016A000210","Total electricity available for use within specific geographic border","Megawatt hours","210","units","0","v44159050","2.17","887826","","","","0"
"2022-02","Newfoundland and Labrador","2016A000210","Total electricity available for use within specific geographic border","Megawatt hours","210","units","0","v44159050","2.17","752737","","","","0"
"2022-03","Newfoundland and Labrador","2016A000210","Total electricity available for use within specific geographic border","Megawatt hours","210","units","0","v44159050","2.17","756918","","","","0"
"2022-04","Newfoundland and Labrador","2016A000210","Total electricity available for use within specific geographic border","Megawatt hours","210","units","0","v44159050","2.17","686123","","","","0"
"2022-05","Newfoundland and Labrador","2016A000210","Total electricity available for use within specific geographic border","Megawatt hours","210","units","0","v44159050","2.17","524176","","","","0"
"2022-06","Newfoundland and Labrador","2016A000210","Total electricity available for use within specific geographic border","Megawatt hours","210","units","0","v44159050","2.17","674876","","","","0"
"2022-07","Newfoundland and Labrador","2016A000210","Total electricity available for use within specific geographic border","Megawatt hours","210","units","0","v44159050","2.17","601566","","","","0"
"2022-08","Newfoundland and Labrador","2016A000210","Total electricity available for use within specific geographic border","Megawatt hours","210","units","0","v44159050","2.17","684606","","","","0"
"2022-09","Newfoundland and Labrador","2016A000210","Total electricity available for use within specific geographic border","Megawatt hours","210","units","0","v44159050","2.17","680140","","","","0"
"2022-10","Newfoundland and Labrador","2016A000210","Total electricity available for use within specific geographic border","Megawatt hours","210","units","0","v44159050","2.17","817304","","","","0"
"2022-11","Newfoundland and Labrador","2016A000210","Total electricity available for use within specific geographic border","Megawatt hours","210","units","0","v44159050","2.17","1017971","","","","0"
"2022-12","Newfoundland and Labrador","2016A000210","Total electricity available for use within specific geographic border","Megawatt hours","210","units","0","v44159050","2.17","1131205","","","","0"
"2023-01","Newfoundland and Labrador","2016A000210","Total electricity available for use within specific geographic border","Megawatt hours","210","units","0","v44159050","2.17","1230559","","","","0"
"2023-02","Newfoundland and Labrador","2016A000210","Total electricity available for use within specific geographic border","Megawatt hours","210","units","0","v44159050","2.17","1272487","","","","0"
"2023-03","Newfoundland and Labrador","2016A000210","Total electricity available for use within specific geographic border","Megawatt hours","210","units","0","v44159050","2.17","1224705","","","","0"
"2023-04","Newfoundland and Labrador","2016A000210","Total electricity available for use within specific geographic border","Megawatt hours","210","units","0","v44159050","2.17","925900","","","","0"
"2023-05","Newfoundland and Labrador","2016A000210","Total electricity available for use within specific geographic border","Megawatt hours","210","units","0","v44159050","2.17","933348","","","","0"
"2023-06","Newfoundland and Labrador","2016A000210","Total electricity available for use within specific geographic border","Megawatt hours","210","units","0","v44159050","2.17","820197","","","","0"
"2023-07","Newfoundland and Labrador","2016A000210","Total electricity available for use within specific geographic border","Megawatt hours","210","units","0","v44159050","2.17","714052","","","","0"
"2023-08","Newfoundland and Labrador","2016A000210","Total electricity available for use within specific geographic border","Megawatt hours","210","units","0","v44159050","2.17","745753","","","","0"
"2023-09","Newfoundland and Labrador","2016A000210","Total electricity available for use within specific geographic border","Megawatt hours","210","units","0","v44159050","2.17","718676","","","","0"
"2023-10","Newfoundland and Labrador","2016A000210","Total electricity available for use within specific geographic border","Megawatt hours","210","units","0","v44159050","2.17","817346","","","","0"
"2023-11","Newfoundland and Labrador","2016A000210","Total electricity available for use within specific geographic border","Megawatt hours","210","units","0","v44159050","2.17","1050354","","","","0"
"2022-01","Prince Edward Island","2016A000211","Total generation","Megawatt hours","210","units","0","v44159056","3.1","60272","","","","0"
"2022-02","Prince Edward Island","2016A000211","Total generation","Megawatt hours","210","units","0","v44159056","3.1","59805","","","","0"
"2022-03","Prince Edward Island","2016A000211","Total generation","Megawatt hours","210","units","0","v44159056","3.1","58891","","","","0"
"2022-04","Prince Edward Island","2016A000211","Total generation","Megawatt hours","210","units","0","v44159056","3.1","48929","","","","0"
"2022-05","Prince Edward Island","2016A000211","Total generation","Megawatt hours","210","units","0","v44159056","3.1","39160","","","","0"
"2022-06","Prince Edward Island","2016A000211","Total generation","Megawatt hours","210","units","0","v44159056","3.1","29878","","","","0"
"2022-07","Prince Edward Island","2016A000211","Total generation","Megawatt hours","210","units","0","v44159056","3.1","30733","","","","0"
"2022-08","Prince Edward Island","2016A000211","Total generation","Megawatt hours","210","units","0","v44159056","3.1","22158","","","","0"
"2022-09","Prince Edward Island","2016A000211","Total generation","Megawatt hours","210","units","0","v44159056","3.1","28542","","","","0"
"2022-10","Prince Edward Island","2016A000211","Total generation","Megawatt hours","210","units","0","v44159056","3.1","30375","","","","0"
"2022-11","Prince Edward Island","2016A000211","Total generation","Megawatt hours","210","units","0","v44159056","3.1","62578","","","","0"
"2022-12","Prince Edward Island","2016A000211","Total generation","Megawatt hours","210","units","0","v44159056","3.1","61570","","","","0"
"2023-01","Prince Edward Island","2016A000211","Total generation","Megawatt hours","210","units","0","v44159056","3.1","55821","","","","0"
"2023-02","Prince Edward Island","2016A000211","Total generation","Megawatt hours","210","units","0","v44159056","3.1","52666","","","","0"
"2023-03","Prince Edward Island","2016A000211","Total generation","Megawatt hours","210","units","0","v44159056","3.1","51259","","","","0"
"2023-04","Prince Edward Island","2016A000211","Total generation","Megawatt hours","210","units","0","v44159056","3.1","40504","","","","0"
"2023-05","Prince Edward Island","2016A000211","Total generation","Megawatt hours","210","units","0","v44159056","3.1","49059","","","","0"
"2023-06","Prince Edward Island","2016A000211","Total generation","Megawatt hours","210","units","0","v44159056","3.1","31572","","","","0"
"2023-07","Prince Edward Island","2016A000211","Total generation","Megawatt hours","210","units","0","v44159056","3.1","21355","","","","0"
"2023-08","Prince Edward Island","2016A000211","Total generation","Megawatt hours","210","units","0","v44159056","3.1","24855","","","","0"
"2023-09","Prince Edward Island","2016A000211","Total generation","Megawatt hours","210","units","0","v44159056","3.1","24336","","","","0"
"2023-10","Prince Edward Island","2016A000211","Total generation","Megawatt hours","210","units","0","v44159056","3.1","36581","","","","0"
"2023-11","Prince Edward Island","2016A000211","Total generation","Megawatt hours","210","units","0","v44159056","3.1","55637","","","","0"
"2022-01","Prince Edward Island","2016A000211","Total electricity available for use within specific geographic border","Megawatt hours","210","units","0","v44159060","3.17","173892","","","","0"
"2022-02","Prince Edward Island","2016A000211","Total electricity available for use within specific geographic border","Megawatt hours","210","units","0","v44159060","3.17","138145","","","","0"
"2022-03","Prince Edward Island","2016A000211","Total electricity available for use within specific geographic border","Megawatt hours","210","units","0","v44159060","3.17","158100","","","","0"
"2022-04","Prince Edward Island","2016A000211","Total electricity available for use within specific geographic border","Megawatt hours","210","units","0","v44159060","3.17","129091","","","","0"
"2022-05","Prince Edward Island","2016A000211","Total electricity available for use within specific geographic border","Megawatt hours","210","units","0","v44159060","3.17","122467","","","","0"
"2022-06","Prince Edward Island","2016A000211","Total electricity available for use within specific geographic border","Megawatt hours","210","units","0","v44159060","3.17","115792","","","","0"
"2022-07","Prince Edward Island","2016A000211","Total electricity available for use within specific geographic border","Megawatt hours","210","units","0","v44159060","3.17","116853","","","","0"
"2022-08","Prince Edward Island","2016A000211","Total electricity available for use within specific geographic border","Megawatt hours","210","units","0","v44159060","3.17","115815","","","","0"
"2022-09","Prince Edward Island","2016A000211","Total electricity available for use within specific geographic border","Megawatt hours","210","units","0","v44159060","3.17","103999","","","","0"
"2022-10","Prince Edward Island","2016A000211","Total electricity available for use within specific geographic border","Megawatt hours","210","units","0","v44159060","3.17","108174","","","","0"
"2022-11","Prince Edward Island","2016A000211","Total electricity available for use within specific geographic border","Megawatt hours","210","units","0","v44159060","3.17","130497","","","","0"
"2022-12","Prince Edward Island","2016A000211","Total electricity available for use within specific geographic border","Megawatt hours","210","units","0","v44159060","3.17","161675","","","","0"
"2023-01","Prince Edward Island","2016A000211","Total electricity available for use within specific geographic border","Megawatt hours","210","units","0","v44159060","3.17","179556","","","","0"
"2023-02","Prince Edward Island","2016A000211","Total electricity available for use within specific geographic border","Megawatt hours","210","units","0","v44159060","3.17","166169","","","","0"
"2023-03","Prince Edward Island","2016A000211","Total electricity available for use within specific geographic border","Megawatt hours","210","units","0","v44159060","3.17","171190","","","","0"
"2023-04","Prince Edward Island","2016A000211","Total electricity available for use within specific geographic border","Megawatt hours","210","units","0","v44159060","3.17","134886","","","","0"
"2023-05","Prince Edward Island","2016A000211","Total electricity available for use within specific geographic border","Megawatt hours","210","units","0","v44159060","3.17","124109","","","","0"
"2023-06","Prince Edward Island","2016A000211","Total electricity available for use within specific geographic border","Megawatt hours","210","units","0","v44159060","3.17","111470","","","","0"
"2023-07","Prince Edward Island","2016A000211","Total electricity available for use within specific geographic border","Megawatt hours","210","units","0","v44159060","3.17","137258","","","","0"
"2023-08","Prince Edward Island","2016A000211","Total electricity available for use within specific geographic border","Megawatt hours","210","units","0","v44159060","3.17","125222","","","","0"
"2023-09","Prince Edward Island","2016A000211","Total electricity available for use within specific geographic border","Megawatt hours","210","units","0","v44159060","3.17","117725","","","","0"
"2023-10","Prince Edward Island","2016A000211","Total electricity available for use within specific geographic border","Megawatt hours","210","units","0","v44159060","3.17","118057","","","","0"
"2023-11","Prince Edward Island","2016A000211","Total electricity available for use within specific geographic border","Megawatt hours","210","units","0","v44159060","3.17","139348","","","","0"
"2022-01","Nova Scotia","2016A000212","Total generation","Megawatt hours","210","units","0","v44159066","4.1","1061577","","","","0"
"2022-02","Nova Scotia","2016A000212","Total generation","Megawatt hours","210","units","0","v44159066","4.1","913361","","","","0"
"2022-03","Nova Scotia","2016A000212","Total generation","Megawatt hours","210","units","0","v44159066","4.1","919351","","","","0"
"2022-04","Nova Scotia","2016A000212","Total generation","Megawatt hours","210","units","0","v44159066","4.1","716936","","","","0"
"2022-05","Nova Scotia","2016A000212","Total generation","Megawatt hours","210","units","0","v44159066","4.1","658776","","","","0"
"2022-06","Nova Scotia","2016A000212","Total generation","Megawatt hours","210","units","0","v44159066","4.1","611797","","","","0"
"2022-07","Nova Scotia","2016A000212","Total generation","Megawatt hours","210","units","0","v44159066","4.1","667861","","","","0"
"2022-08","Nova Scotia","2016A000212","Total generation","Megawatt hours","210","units","0","v44159066","4.1","694314","","","","0"
"2022-09","Nova Scotia","2016A000212","Total generation","Megawatt hours","210","units","0","v44159066","4.1","578522","","","","0"
"2022-10","Nova Scotia","2016A000212","Total generation","Megawatt hours","210","units","0","v44159066","4.1","590762","","","","0"
"2022-11","Nova Scotia","2016A000212","Total generation","Megawatt hours","210","units","0","v44159066","4.1","663184","","","","0"
"2022-12","Nova Scotia","2016A000212","Total generation","Megawatt hours","210","units","0","v44159066","4.1","913964","","","","0"
"2023-01","Nova Scotia","2016A000212","Total generation","Megawatt hours","210","units","0","v44159066","4.1","950984","","","","0"
"2023-02","Nova Scotia","2016A000212","Total generation","Megawatt hours","210","units","0","v44159066","4.1","921642","","","","0"
"2023-03","Nova Scotia","2016A000212","Total generation","Megawatt hours","210","units","0","v44159066","4.1","913944","","","","0"
"2023-04","Nova Scotia","2016A000212","Total generation","Megawatt hours","210","units","0","v44159066","4.1","619657","","","","0"
"2023-05","Nova Scotia","2016A000212","Total generation","Megawatt hours","210","units","0","v44159066","4.1","560210","","","","0"
"2023-06","Nova Scotia","2016A000212","Total generation","Megawatt hours","210","units","0","v44159066","4.1","529877","","","","0"
"2023-07","Nova Scotia","2016A000212","Total generation","Megawatt hours","210","units","0","v44159066","4.1","601153","","","","0"
"2023-08","Nova Scotia","2016A000212","Total generation","Megawatt hours","210","units","0","v44159066","4.1","525722","","","","0"
"2023-09","Nova Scotia","2016A000212","Total generation","Megawatt hours","210","units","0","v44159066","4.1","582471","","","","0"
"2023-10","Nova Scotia","2016A000212","Total generation","Megawatt hours","210","units","0","v44159066","4.1","527961","","","","0"
"2023-11","Nova Scotia","2016A000212","Total generation","Megawatt hours","210","units","0","v44159066","4.1","716117","","","","0"
"2022-01","Nova Scotia","2016A000212","Total electricity available for use within specific geographic border","Megawatt hours","210","units","0","v44159072","4.17","1203542","","","","0"
"2022-02","Nova Scotia","2016A000212","Total electricity available for use within specific geographic border","Megawatt hours","210","units","0","v44159072","4.17","1060070","","","","0"
"2022-03","Nova Scotia","2016A000212","Total electricity available for use within specific geographic border","Megawatt hours","210","units","0","v44159072","4.17","1063806","","","","0"
"2022-04","Nova Scotia","2016A000212","Total electricity available for use within specific geographic border","Megawatt hours","210","units","0","v44159072","4.17","899107","","","","0"
"2022-05","Nova Scotia","2016A000212","Total electricity available for use within specific geographic border","Megawatt hours","210","units","0","v44159072","4.17","828446","","","","0"
"2022-06","Nova Scotia","2016A000212","Total electricity available for use within specific geographic border","Megawatt hours","210","units","0","v44159072","4.17","732804","","","","0"
"2022-07","Nova Scotia","2016A000212","Total electricity available for use within specific geographic border","Megawatt hours","210","units","0","v44159072","4.17","798046","","","","0"
"2022-08","Nova Scotia","2016A000212","Total electricity available for use within specific geographic border","Megawatt hours","210","units","0","v44159072","4.17","847062","","","","0"
"2022-09","Nova Scotia","2016A000212","Total electricity available for use within specific geographic border","Megawatt hours","210","units","0","v44159072","4.17","734760","","","","0"
"2022-10","Nova Scotia","2016A000212","Total electricity available for use within specific geographic border","Megawatt hours","210","units","0","v44159072","4.17","824472","","","","0"
"2022-11","Nova Scotia","2016A000212","Total electricity available for use within specific geographic border","Megawatt hours","210","units","0","v44159072","4.17","896832","","","","0"
"2022-12","Nova Scotia","2016A000212","Total electricity available for use within specific geographic border","Megawatt hours","210","units","0","v44159072","4.17","1073346","","","","0"
"2023-01","Nova Scotia","2016A000212","Total electricity available for use within specific geographic border","Megawatt hours","210","units","0","v44159072","4.17","1109457","","","","0"
"2023-02","Nova Scotia","2016A000212","Total electricity available for use within specific geographic border","Megawatt hours","210","units","0","v44159072","4.17","1116601","","","","0"
"2023-03","Nova Scotia","2016A000212","Total electricity available for use within specific geographic border","Megawatt hours","210","units","0","v44159072","4.17","1098396","","","","0"
"2023-04","Nova Scotia","2016A000212","Total electricity available for use within specific geographic border","Megawatt hours","210","units","0","v44159072","4.17","856862","","","","0"
"2023-05","Nova Scotia","2016A000212","Total electricity available for use within specific geographic border","Megawatt hours","210","units","0","v44159072","4.17","805818","","","","0"
"2023-06","Nova Scotia","2016A000212","Total electricity available for use within specific geographic border","Megawatt hours","210","units","0","v44159072","4.17","742771","","","","0"
"2023-07","Nova Scotia","2016A000212","Total electricity available for use within specific geographic border","Megawatt hours","210","units","0","v44159072","4.17","855864","","","","0"
"2023-08","Nova Scotia","2016A000212","Total electricity available for use within specific geographic border","Megawatt hours","210","units","0","v44159072","4.17","831061","","","","0"
"2023-09","Nova Scotia","2016A000212","Total electricity available for use within specific geographic border","Megawatt hours","210","units","0","v44159072","4.17","773087","","","","0"
"2023-10","Nova Scotia","2016A000212","Total electricity available for use within specific geographic border","Megawatt hours","210","units","0","v44159072","4.17","825066","","","","0"
"2023-11","Nova Scotia","2016A000212","Total electricity available for use within specific geographic border","Megawatt hours","210","units","0","v44159072","4.17","968366","","","","0"
"2022-01","New Brunswick","2016A000213","Total generation","Megawatt hours","210","units","0","v44159080","5.1","1617051","","","","0"
"2022-02","New Brunswick","2016A000213","Total generation","Megawatt hours","210","units","0","v44159080","5.1","1212784","","","","0"
"2022-03","New Brunswick","2016A000213","Total generation","Megawatt hours","210","units","0","v44159080","5.1","1250790","","","","0"
"2022-04","New Brunswick","2016A000213","Total generation","Megawatt hours","210","units","0","v44159080","5.1","1123105","","","","0"
"2022-05","New Brunswick","2016A000213","Total generation","Megawatt hours","210","units","0","v44159080","5.1","767907","","","","0"
"2022-06","New Brunswick","2016A000213","Total generation","Megawatt hours","210","units","0","v44159080","5.1","529695","","","","0"
"2022-07","New Brunswick","2016A000213","Total generation","Megawatt hours","210","units","0","v44159080","5.1","596149","","","","0"
"2022-08","New Brunswick","2016A000213","Total generation","Megawatt hours","210","units","0","v44159080","5.1","1000412","","","","0"
"2022-09","New Brunswick","2016A000213","Total generation","Megawatt hours","210","units","0","v44159080","5.1","849761","","","","0"
"2022-10","New Brunswick","2016A000213","Total generation","Megawatt hours","210","units","0","v44159080","5.1","995837","","","","0"
"2022-11","New Brunswick","2016A000213","Total generation","Megawatt hours","210","units","0","v44159080","5.1","1107310","","","","0"
"2022-12","New Brunswick","2016A000213","Total generation","Megawatt hours","210","units","0","v44159080","5.1","1320589","","","","0"
"2023-01","New Brunswick","2016A000213","Total generation","Megawatt hours","210","units","0","v44159080","5.1","1263375","","","","0"
"2023-02","New Brunswick","2016A000213","Total generation","Megawatt hours","210","units","0","v44159080","5.1","1402206","","","","0"
"2023-03","New Brunswick","2016A000213","Total generation","Megawatt hours","210","units","0","v44159080","5.1","1184021","","","","0"
"2023-04","New Brunswick","2016A000213","Total generation","Megawatt hours","210","units","0","v44159080","5.1","1081078","","","","0"
"2023-05","New Brunswick","2016A000213","Total generation","Megawatt hours","210","units","0","v44159080","5.1","1065266","","","","0"
"2023-06","New Brunswick","2016A000213","Total generation","Megawatt hours","210","units","0","v44159080","5.1","1271604","","","","0"
"2023-07","New Brunswick","2016A000213","Total generation","Megawatt hours","210","units","0","v44159080","5.1","1430742","","","","0"
"2023-08","New Brunswick","2016A000213","Total generation","Megawatt hours","210","units","0","v44159080","5.1","1441912","","","","0"
"2023-09","New Brunswick","2016A000213","Total generation","Megawatt hours","210","units","0","v44159080","5.1","1295207","","","","0"
"2023-10","New Brunswick","2016A000213","Total generation","Megawatt hours","210","units","0","v44159080","5.1","1329495","","","","0"
"2023-11","New Brunswick","2016A000213","Total generation","Megawatt hours","210","units","0","v44159080","5.1","1349501","","","","0"
"2022-01","New Brunswick","2016A000213","Total electricity available for use within specific geographic border","Megawatt hours","210","units","0","v44159088","5.17","1736016","","","","0"
"2022-02","New Brunswick","2016A000213","Total electricity available for use within specific geographic border","Megawatt hours","210","units","0","v44159088","5.17","1483608","","","","0"
"2022-03","New Brunswick","2016A000213","Total electricity available for use within specific geographic border","Megawatt hours","210","units","0","v44159088","5.17","1432127","","","","0"
"2022-04","New Brunswick","2016A000213","Total electricity available for use within specific geographic border","Megawatt hours","210","units","0","v44159088","5.17","1171958","","","","0"
"2022-05","New Brunswick","2016A000213","Total electricity available for use within specific geographic border","Megawatt hours","210","units","0","v44159088","5.17","1049670","","","","0"
"2022-06","New Brunswick","2016A000213","Total electricity available for use within specific geographic border","Megawatt hours","210","units","0","v44159088","5.17","906743","","","","0"
"2022-07","New Brunswick","2016A000213","Total electricity available for use within specific geographic border","Megawatt hours","210","units","0","v44159088","5.17","927595","","","","0"
"2022-08","New Brunswick","2016A000213","Total electricity available for use within specific geographic border","Megawatt hours","210","units","0","v44159088","5.17","997796","","","","0"
"2022-09","New Brunswick","2016A000213","Total electricity available for use within specific geographic border","Megawatt hours","210","units","0","v44159088","5.17","891602","","","","0"
"2022-10","New Brunswick","2016A000213","Total electricity available for use within specific geographic border","Megawatt hours","210","units","0","v44159088","5.17","951114","","","","0"
"2022-11","New Brunswick","2016A000213","Total electricity available for use within specific geographic border","Megawatt hours","210","units","0","v44159088","5.17","1168524","","","","0"
"2022-12","New Brunswick","2016A000213","Total electricity available for use within specific geographic border","Megawatt hours","210","units","0","v44159088","5.17","1415122","","","","0"
"2023-01","New Brunswick","2016A000213","Total electricity available for use within specific geographic border","Megawatt hours","210","units","0","v44159088","5.17","1177641","","","","0"
"2023-02","New Brunswick","2016A000213","Total electricity available for use within specific geographic border","Megawatt hours","210","units","0","v44159088","5.17","1208657","","","","0"
"2023-03","New Brunswick","2016A000213","Total electricity available for use within specific geographic border","Megawatt hours","210","units","0","v44159088","5.17","1095965","","","","0"
"2023-04","New Brunswick","2016A000213","Total electricity available for use within specific geographic border","Megawatt hours","210","units","0","v44159088","5.17","923138","","","","0"
"2023-05","New Brunswick","2016A000213","Total electricity available for use within specific geographic border","Megawatt hours","210","units","0","v44159088","5.17","1054700","","","","0"
"2023-06","New Brunswick","2016A000213","Total electricity available for use within specific geographic border","Megawatt hours","210","units","0","v44159088","5.17","946138","","","","0"
"2023-07","New Brunswick","2016A000213","Total electricity available for use within specific geographic border","Megawatt hours","210","units","0","v44159088","5.17","1008299","","","","0"
"2023-08","New Brunswick","2016A000213","Total electricity available for use within specific geographic border","Megawatt hours","210","units","0","v44159088","5.17","953906","","","","0"
"2023-09","New Brunswick","2016A000213","Total electricity available for use within specific geographic border","Megawatt hours","210","units","0","v44159088","5.17","905474","","","","0"
"2023-10","New Brunswick","2016A000213","Total electricity available for use within specific geographic border","Megawatt hours","210","units","0","v44159088","5.17","982231","","","","0"
"2023-11","New Brunswick","2016A000213","Total electricity available for use within specific geographic border","Megawatt hours","210","units","0","v44159088","5.17","1228522","","","","0"
"2022-01","Quebec","2016A000224","Total generation","Megawatt hours","210","units","0","v44159097","6.1","24454466","","","","0"
"2022-02","Quebec","2016A000224","Total generation","Megawatt hours","210","units","0","v44159097","6.1","20796567","","","","0"
"2022-03","Quebec","2016A000224","Total generation","Megawatt hours","210","units","0","v44159097","6.1","20561446","","","","0"
"2022-04","Quebec","2016A000224","Total generation","Megawatt hours","210","units","0","v44159097","6.1","16909289","","","","0"
"2022-05","Quebec","2016A000224","Total generation","Megawatt hours","210","units","0","v44159097","6.1","15105538","","","","0"
"2022-06","Quebec","2016A000224","Total generation","Megawatt hours","210","units","0","v44159097","6.1","15238007","","","","0"
"2022-07","Quebec","2016A000224","Total generation","Megawatt hours","210","units","0","v44159097","6.1","16620970","","","","0"
"2022-08","Quebec","2016A000224","Total generation","Megawatt hours","210","units","0","v44159097","6.1","16967674","","","","0"
"2022-09","Quebec","2016A000224","Total generation","Megawatt hours","210","units","0","v44159097","6.1","14827120","","","","0"
"2022-10","Quebec","2016A000224","Total generation","Megawatt hours","210","units","0","v44159097","6.1","15734387","","","","0"
"2022-11","Quebec","2016A000224","Total generation","Megawatt hours","210","units","0","v44159097","6.1","17076586","","","","0"
"2022-12","Quebec","2016A000224","Total generation","Megawatt hours","210","units","0","v44159097","6.1","21523439","","","","0"
"2023-01","Quebec","2016A000224","Total generation","Megawatt hours","210","units","0","v44159097","6.1","22423335","","","","0"
"2023-02","Quebec","2016A000224","Total generation","Megawatt hours","210","units","0","v44159097","6.1","20351367","","","","0"
"2023-03","Quebec","2016A000224","Total generation","Megawatt hours","210","units","0","v44159097","6.1","20124646","","","","0"
"2023-04","Quebec","2016A000224","Total generation","Megawatt hours","210","units","0","v44159097","6.1","15733150","","","","0"
"2023-05","Quebec","2016A000224","Total generation","Megawatt hours","210","units","0","v44159097","6.1","14696384","","","","0"
"2023-06","Quebec","2016A000224","Total generation","Megawatt hours","210","units","0","v44159097","6.1","14010825","","","","0"
"2023-07","Quebec","2016A000224","Total generation","Megawatt hours","210","units","0","v44159097","6.1","14156929","","","","0"
"2023-08","Quebec","2016A000224","Total generation","Megawatt hours","210","units","0","v44159097","6.1","13191215","","","","0"
"2023-09","Quebec","2016A000224","Total generation","Megawatt hours","210","units","0","v44159097","6.1","13400979","","","","0"
"2023-10","Quebec","2016A000224","Total generation","Megawatt hours","210","units","0","v44159097","6.1","13668183","","","","0"
"2023-11","Quebec","2016A000224","Total generation","Megawatt hours","210","units","0","v44159097","6.1","16136002","","","","0"
"2022-01","Quebec","2016A000224","Total electricity available for use within specific geographic border","Megawatt hours","210","units","0","v44159105","6.17","25839325","","","","0"
"2022-02","Quebec","2016A000224","Total electricity available for use within specific geographic border","Megawatt hours","210","units","0","v44159105","6.17","21890451","","","","0"
"2022-03","Quebec","2016A000224","Total electricity available for use within specific geographic border","Megawatt hours","210","units","0","v44159105","6.17","21228287","","","","0"
"2022-04","Quebec","2016A000224","Total electricity available for use within specific geographic border","Megawatt hours","210","units","0","v44159105","6.17","17514950","","","","0"
"2022-05","Quebec","2016A000224","Total electricity available for use within specific geographic border","Megawatt hours","210","units","0","v44159105","6.17","15099751","","","","0"
"2022-06","Quebec","2016A000224","Total electricity available for use within specific geographic border","Megawatt hours","210","units","0","v44159105","6.17","14437748","","","","0"
"2022-07","Quebec","2016A000224","Total electricity available for use within specific geographic border","Megawatt hours","210","units","0","v44159105","6.17","14849936","","","","0"
"2022-08","Quebec","2016A000224","Total electricity available for use within specific geographic border","Megawatt hours","210","units","0","v44159105","6.17","15068395","","","","0"
"2022-09","Quebec","2016A000224","Total electricity available for use within specific geographic border","Megawatt hours","210","units","0","v44159105","6.17","14290227","","","","0"
"2022-10","Quebec","2016A000224","Total electricity available for use within specific geographic border","Megawatt hours","210","units","0","v44159105","6.17","15408765","","","","0"
"2022-11","Quebec","2016A000224","Total electricity available for use within specific geographic border","Megawatt hours","210","units","0","v44159105","6.17","17881166","","","","0"
"2022-12","Quebec","2016A000224","Total electricity available for use within specific geographic border","Megawatt hours","210","units","0","v44159105","6.17","21380792","","","","0"
"2023-01","Quebec","2016A000224","Total electricity available for use within specific geographic border","Megawatt hours","210","units","0","v44159105","6.17","22695765","","","","0"
"2023-02","Quebec","2016A000224","Total electricity available for use within specific geographic border","Megawatt hours","210","units","0","v44159105","6.17","21295362","","","","0"
"2023-03","Quebec","2016A000224","Total electricity available for use within specific geographic border","Megawatt hours","210","units","0","v44159105","6.17","20501070","","","","0"
"2023-04","Quebec","2016A000224","Total electricity available for use within specific geographic border","Megawatt hours","210","units","0","v44159105","6.17","16563179","","","","0"
"2023-05","Quebec","2016A000224","Total electricity available for use within specific geographic border","Megawatt hours","210","units","0","v44159105","6.17","15286596","","","","0"
"2023-06","Quebec","2016A000224","Total electricity available for use within specific geographic border","Megawatt hours","210","units","0","v44159105","6.17","14411035","","","","0"
"2023-07","Quebec","2016A000224","Total electricity available for use within specific geographic border","Megawatt hours","210","units","0","v44159105","6.17","15062781","","","","0"
"2023-08","Quebec","2016A000224","Total electricity available for use within specific geographic border","Megawatt hours","210","units","0","v44159105","6.17","14380558","","","","0"
"2023-09","Quebec","2016A000224","Total electricity available for use within specific geographic border","Megawatt hours","210","units","0","v44159105","6.17","14563138","","","","0"
"2023-10","Quebec","2016A000224","Total electricity available for use within specific geographic border","Megawatt hours","210","units","0","v44159105","6.17","15244058","","","","0"
"2023-11","Quebec","2016A000224","Total electricity available for use within specific geographic border","Megawatt hours","210","units","0","v44159105","6.17","18782951","","","","0"
"2022-01","Ontario","2016A000235","Total generation","Megawatt hours","210","units","0","v44159114","7.1","15064546","","","","0"
"2022-02","Ontario","2016A000235","Total generation","Megawatt hours","210","units","0","v44159114","7.1","12870018","","","","0"
"2022-03","Ontario","2016A000235","Total generation","Megawatt hours","210","units","0","v44159114","7.1","12841072","","","","0"
"2022-04","Ontario","2016A000235","Total generation","Megawatt hours","210","units","0","v44159114","7.1","11962539","","","","0"
"2022-05","Ontario","2016A000235","Total generation","Megawatt hours","210","units","0","v44159114","7.1","12187819","","","","0"
"2022-06","Ontario","2016A000235","Total generation","Megawatt hours","210","units","0","v44159114","7.1","12553692","","","","0"
"2022-07","Ontario","2016A000235","Total generation","Megawatt hours","210","units","0","v44159114","7.1","13598644","","","","0"
"2022-08","Ontario","2016A000235","Total generation","Megawatt hours","210","units","0","v44159114","7.1","13697276","","","","0"
"2022-09","Ontario","2016A000235","Total generation","Megawatt hours","210","units","0","v44159114","7.1","11743151","","","","0"
"2022-10","Ontario","2016A000235","Total generation","Megawatt hours","210","units","0","v44159114","7.1","11130312","","","","0"
"2022-11","Ontario","2016A000235","Total generation","Megawatt hours","210","units","0","v44159114","7.1","12020051","","","","0"
"2022-12","Ontario","2016A000235","Total generation","Megawatt hours","210","units","0","v44159114","7.1","13763978","","","","0"
"2023-01","Ontario","2016A000235","Total generation","Megawatt hours","210","units","0","v44159114","7.1","13927959","","","","0"
"2023-02","Ontario","2016A000235","Total generation","Megawatt hours","210","units","0","v44159114","7.1","12585604","","","","0"
"2023-03","Ontario","2016A000235","Total generation","Megawatt hours","210","units","0","v44159114","7.1","12504587","","","","0"
"2023-04","Ontario","2016A000235","Total generation","Megawatt hours","210","units","0","v44159114","7.1","12066261","","","","0"
"2023-05","Ontario","2016A000235","Total generation","Megawatt hours","210","units","0","v44159114","7.1","12659909","","","","0"
"2023-06","Ontario","2016A000235","Total generation","Megawatt hours","210","units","0","v44159114","7.1","12668643","","","","0"
"2023-07","Ontario","2016A000235","Total generation","Megawatt hours","210","units","0","v44159114","7.1","14115984","","","","0"
"2023-08","Ontario","2016A000235","Total generation","Megawatt hours","210","units","0","v44159114","7.1","13402075","","","","0"
"2023-09","Ontario","2016A000235","Total generation","Megawatt hours","210","units","0","v44159114","7.1","12061732","","","","0"
"2023-10","Ontario","2016A000235","Total generation","Megawatt hours","210","units","0","v44159114","7.1","12348840","","","","0"
"2023-11","Ontario","2016A000235","Total generation","Megawatt hours","210","units","0","v44159114","7.1","13515277","","","","0"
"2022-01","Ontario","2016A000235","Total electricity available for use within specific geographic border","Megawatt hours","210","units","0","v44159121","7.17","13360681","","","","0"
"2022-02","Ontario","2016A000235","Total electricity available for use within specific geographic border","Megawatt hours","210","units","0","v44159121","7.17","11683200","","","","0"
"2022-03","Ontario","2016A000235","Total electricity available for use within specific geographic border","Megawatt hours","210","units","0","v44159121","7.17","12102639","","","","0"
"2022-04","Ontario","2016A000235","Total electricity available for use within specific geographic border","Megawatt hours","210","units","0","v44159121","7.17","10717875","","","","0"
"2022-05","Ontario","2016A000235","Total electricity available for use within specific geographic border","Megawatt hours","210","units","0","v44159121","7.17","11064296","","","","0"
"2022-06","Ontario","2016A000235","Total electricity available for use within specific geographic border","Megawatt hours","210","units","0","v44159121","7.17","11279592","","","","0"
"2022-07","Ontario","2016A000235","Total electricity available for use within specific geographic border","Megawatt hours","210","units","0","v44159121","7.17","12662939","","","","0"
"2022-08","Ontario","2016A000235","Total electricity available for use within specific geographic border","Megawatt hours","210","units","0","v44159121","7.17","12987686","","","","0"
"2022-09","Ontario","2016A000235","Total electricity available for use within specific geographic border","Megawatt hours","210","units","0","v44159121","7.17","10972180","","","","0"
"2022-10","Ontario","2016A000235","Total electricity available for use within specific geographic border","Megawatt hours","210","units","0","v44159121","7.17","10641029","","","","0"
"2022-11","Ontario","2016A000235","Total electricity available for use within specific geographic border","Megawatt hours","210","units","0","v44159121","7.17","11629937","","","","0"
"2022-12","Ontario","2016A000235","Total electricity available for use within specific geographic border","Megawatt hours","210","units","0","v44159121","7.17","12890152","","","","0"
"2023-01","Ontario","2016A000235","Total electricity available for use within specific geographic border","Megawatt hours","210","units","0","v44159121","7.17","12915010","","","","0"
"2023-02","Ontario","2016A000235","Total electricity available for use within specific geographic border","Megawatt hours","210","units","0","v44159121","7.17","11605133","","","","0"
"2023-03","Ontario","2016A000235","Total electricity available for use within specific geographic border","Megawatt hours","210","units","0","v44159121","7.17","12143783","","","","0"
"2023-04","Ontario","2016A000235","Total electricity available for use within specific geographic border","Megawatt hours","210","units","0","v44159121","7.17","10813550","","","","0"
"2023-05","Ontario","2016A000235","Total electricity available for use within specific geographic border","Megawatt hours","210","units","0","v44159121","7.17","10989014","","","","0"
"2023-06","Ontario","2016A000235","Total electricity available for use within specific geographic border","Megawatt hours","210","units","0","v44159121","7.17","11449270","","","","0"
"2023-07","Ontario","2016A000235","Total electricity available for use within specific geographic border","Megawatt hours","210","units","0","v44159121","7.17","13148956","","","","0"
"2023-08","Ontario","2016A000235","Total electricity available for use within specific geographic border","Megawatt hours","210","units","0","v44159121","7.17","12441503","","","","0"
"2023-09","Ontario","2016A000235","Total electricity available for use within specific geographic border","Megawatt hours","210","units","0","v44159121","7.17","11407506","","","","0"
"2023-10","Ontario","2016A000235","Total electricity available for use within specific geographic border","Megawatt hours","210","units","0","v44159121","7.17","11422274","","","","0"
"2023-11","Ontario","2016A000235","Total electricity available for use within specific geographic border","Megawatt hours","210","units","0","v44159121","7.17","12093483","","","","0"
"2022-01","Manitoba","2016A000246","Total generation","Megawatt hours","210","units","0","v44159130","8.1","2390705","","","","0"
"2022-02","Manitoba","2016A000246","Total generation","Megawatt hours","210","units","0","v44159130","8.1","2350125","","","","0"
"2022-03","Manitoba","2016A000246","Total generation","Megawatt hours","210","units","0","v44159130","8.1","2732451","","","","0"
"2022-04","Manitoba","2016A000246","Total generation","Megawatt hours","210","units","0","v44159130","8.1","2557335","","","","0"
"2022-05","Manitoba","2016A000246","Total generation","Megawatt hours","210","units","0","v44159130","8.1","3190652","","","","0"
"2022-06","Manitoba","2016A000246","Total generation","Megawatt hours","210","units","0","v44159130","8.1","3475563","","","","0"
"2022-07","Manitoba","2016A000246","Total generation","Megawatt hours","210","units","0","v44159130","8.1","3700030","","","","0"
"2022-08","Manitoba","2016A000246","Total generation","Megawatt hours","210","units","0","v44159130","8.1","3796921","","","","0"
"2022-09","Manitoba","2016A000246","Total generation","Megawatt hours","210","units","0","v44159130","8.1","3279479","","","","0"
"2022-10","Manitoba","2016A000246","Total generation","Megawatt hours","210","units","0","v44159130","8.1","3384762","","","","0"
"2022-11","Manitoba","2016A000246","Total generation","Megawatt hours","210","units","0","v44159130","8.1","3301226","","","","0"
"2022-12","Manitoba","2016A000246","Total generation","Megawatt hours","210","units","0","v44159130","8.1","3678694","","","","0"
"2023-01","Manitoba","2016A000246","Total generation","Megawatt hours","210","units","0","v44159130","8.1","3674261","","","","0"
"2023-02","Manitoba","2016A000246","Total generation","Megawatt hours","210","units","0","v44159130","8.1","3172599","","","","0"
"2023-03","Manitoba","2016A000246","Total generation","Megawatt hours","210","units","0","v44159130","8.1","3255548","","","","0"
"2023-04","Manitoba","2016A000246","Total generation","Megawatt hours","210","units","0","v44159130","8.1","3004881","","","","0"
"2023-05","Manitoba","2016A000246","Total generation","Megawatt hours","210","units","0","v44159130","8.1","3313430","","","","0"
"2023-06","Manitoba","2016A000246","Total generation","Megawatt hours","210","units","0","v44159130","8.1","2894329","","","","0"
"2023-07","Manitoba","2016A000246","Total generation","Megawatt hours","210","units","0","v44159130","8.1","2893319","","","","0"
"2023-08","Manitoba","2016A000246","Total generation","Megawatt hours","210","units","0","v44159130","8.1","2621426","","","","0"
"2023-09","Manitoba","2016A000246","Total generation","Megawatt hours","210","units","0","v44159130","8.1","2157038","","","","0"
"2023-10","Manitoba","2016A000246","Total generation","Megawatt hours","210","units","0","v44159130","8.1","1841403","","","","0"
"2023-11","Manitoba","2016A000246","Total generation","Megawatt hours","210","units","0","v44159130","8.1","1972959","","","","0"
"2022-01","Manitoba","2016A000246","Total electricity available for use within specific geographic border","Megawatt hours","210","units","0","v44159138","8.17","2917343","","","","0"
"2022-02","Manitoba","2016A000246","Total electricity available for use within specific geographic border","Megawatt hours","210","units","0","v44159138","8.17","2644092","","","","0"
"2022-03","Manitoba","2016A000246","Total electricity available for use within specific geographic border","Megawatt hours","210","units","0","v44159138","8.17","2463401","","","","0"
"2022-04","Manitoba","2016A000246","Total electricity available for use within specific geographic border","Megawatt hours","210","units","0","v44159138","8.17","2168371","","","","0"
"2022-05","Manitoba","2016A000246","Total electricity available for use within specific geographic border","Megawatt hours","210","units","0","v44159138","8.17","1962270","","","","0"
"2022-06","Manitoba","2016A000246","Total electricity available for use within specific geographic border","Megawatt hours","210","units","0","v44159138","8.17","1937717","","","","0"
"2022-07","Manitoba","2016A000246","Total electricity available for use within specific geographic border","Megawatt hours","210","units","0","v44159138","8.17","2041077","","","","0"
"2022-08","Manitoba","2016A000246","Total electricity available for use within specific geographic border","Megawatt hours","210","units","0","v44159138","8.17","2054341","","","","0"
"2022-09","Manitoba","2016A000246","Total electricity available for use within specific geographic border","Megawatt hours","210","units","0","v44159138","8.17","1875244","","","","0"
"2022-10","Manitoba","2016A000246","Total electricity available for use within specific geographic border","Megawatt hours","210","units","0","v44159138","8.17","2101416","","","","0"
"2022-11","Manitoba","2016A000246","Total electricity available for use within specific geographic border","Megawatt hours","210","units","0","v44159138","8.17","2403109","","","","0"
"2022-12","Manitoba","2016A000246","Total electricity available for use within specific geographic border","Megawatt hours","210","units","0","v44159138","8.17","2876953","","","","0"
"2023-01","Manitoba","2016A000246","Total electricity available for use within specific geographic border","Megawatt hours","210","units","0","v44159138","8.17","2828703","","","","0"
"2023-02","Manitoba","2016A000246","Total electricity available for use within specific geographic border","Megawatt hours","210","units","0","v44159138","8.17","2555023","","","","0"
"2023-03","Manitoba","2016A000246","Total electricity available for use within specific geographic border","Megawatt hours","210","units","0","v44159138","8.17","2622577","","","","0"
"2023-04","Manitoba","2016A000246","Total electricity available for use within specific geographic border","Megawatt hours","210","units","0","v44159138","8.17","2123802","","","","0"
"2023-05","Manitoba","2016A000246","Total electricity available for use within specific geographic border","Megawatt hours","210","units","0","v44159138","8.17","1900269","","","","0"
"2023-06","Manitoba","2016A000246","Total electricity available for use within specific geographic border","Megawatt hours","210","units","0","v44159138","8.17","1954075","","","","0"
"2023-07","Manitoba","2016A000246","Total electricity available for use within specific geographic border","Megawatt hours","210","units","0","v44159138","8.17","1896873","","","","0"
"2023-08","Manitoba","2016A000246","Total electricity available for use within specific geographic border","Megawatt hours","210","units","0","v44159138","8.17","1882603","","","","0"
"2023-09","Manitoba","2016A000246","Total electricity available for use within specific geographic border","Megawatt hours","210","units","0","v44159138","8.17","1744014","","","","0"
"2023-10","Manitoba","2016A000246","Total electricity available for use within specific geographic border","Megawatt hours","210","units","0","v44159138","8.17","1883566","","","","0"
"2023-11","Manitoba","2016A000246","Total electricity available for use within specific geographic border","Megawatt hours","210","units","0","v44159138","8.17","2189819","","","","0"
"2022-01","Saskatchewan","2016A000247","Total generation","Megawatt hours","210","units","0","v44159147","9.1","2321320","","","","0"
"2022-02","Saskatchewan","2016A000247","Total generation","Megawatt hours","210","units","0","v44159147","9.1","2002032","","","","0"
"2022-03","Saskatchewan","2016A000247","Total generation","Megawatt hours","210","units","0","v44159147","9.1","2026421","","","","0"
"2022-04","Saskatchewan","2016A000247","Total generation","Megawatt hours","210","units","0","v44159147","9.1","1853165","","","","0"
"2022-05","Saskatchewan","2016A000247","Total generation","Megawatt hours","210","units","0","v44159147","9.1","1908915","","","","0"
"2022-06","Saskatchewan","2016A000247","Total generation","Megawatt hours","210","units","0","v44159147","9.1","1823239","","","","0"
"2022-07","Saskatchewan","2016A000247","Total generation","Megawatt hours","210","units","0","v44159147","9.1","2032696","","","","0"
"2022-08","Saskatchewan","2016A000247","Total generation","Megawatt hours","210","units","0","v44159147","9.1","2048551","","","","0"
"2022-09","Saskatchewan","2016A000247","Total generation","Megawatt hours","210","units","0","v44159147","9.1","1879169","","","","0"
"2022-10","Saskatchewan","2016A000247","Total generation","Megawatt hours","210","units","0","v44159147","9.1","1975788","","","","0"
"2022-11","Saskatchewan","2016A000247","Total generation","Megawatt hours","210","units","0","v44159147","9.1","2132385","","","","0"
"2022-12","Saskatchewan","2016A000247","Total generation","Megawatt hours","210","units","0","v44159147","9.1","2278342","","","","0"
"2023-01","Saskatchewan","2016A000247","Total generation","Megawatt hours","210","units","0","v44159147","9.1","2300218","","","","0"
"2023-02","Saskatchewan","2016A000247","Total generation","Megawatt hours","210","units","0","v44159147","9.1","2067491","","","","0"
"2023-03","Saskatchewan","2016A000247","Total generation","Megawatt hours","210","units","0","v44159147","9.1","2271668","","","","0"
"2023-04","Saskatchewan","2016A000247","Total generation","Megawatt hours","210","units","0","v44159147","9.1","2019863","","","","0"
"2023-05","Saskatchewan","2016A000247","Total generation","Megawatt hours","210","units","0","v44159147","9.1","1986742","","","","0"
"2023-06","Saskatchewan","2016A000247","Total generation","Megawatt hours","210","units","0","v44159147","9.1","1914240","","","","0"
"2023-07","Saskatchewan","2016A000247","Total generation","Megawatt hours","210","units","0","v44159147","9.1","2017310","","","","0"
"2023-08","Saskatchewan","2016A000247","Total generation","Megawatt hours","210","units","0","v44159147","9.1","2021576","","","","0"
"2023-09","Saskatchewan","2016A000247","Total generation","Megawatt hours","210","units","0","v44159147","9.1","1892219","","","","0"
"2023-10","Saskatchewan","2016A000247","Total generation","Megawatt hours","210","units","0","v44159147","9.1","1978746","","","","0"
"2023-11","Saskatchewan","2016A000247","Total generation","Megawatt hours","210","units","0","v44159147","9.1","2083089","","","","0"
"2022-01","Saskatchewan","2016A000247","Total electricity available for use within specific geographic border","Megawatt hours","210","units","0","v44159155","9.17","2361940","","","","0"
"2022-02","Saskatchewan","2016A000247","Total electricity available for use within specific geographic border","Megawatt hours","210","units","0","v44159155","9.17","2032740","","","","0"
"2022-03","Saskatchewan","2016A000247","Total electricity available for use within specific geographic border","Megawatt hours","210","units","0","v44159155","9.17","2053769","","","","0"
"2022-04","Saskatchewan","2016A000247","Total electricity available for use within specific geographic border","Megawatt hours","210","units","0","v44159155","9.17","1869556","","","","0"
"2022-05","Saskatchewan","2016A000247","Total electricity available for use within specific geographic border","Megawatt hours","210","units","0","v44159155","9.17","1916345","","","","0"
"2022-06","Saskatchewan","2016A000247","Total electricity available for use within specific geographic border","Megawatt hours","210","units","0","v44159155","9.17","1894470","","","","0"
"2022-07","Saskatchewan","2016A000247","Total electricity available for use within specific geographic border","Megawatt hours","210","units","0","v44159155","9.17","2076647","","","","0"
"2022-08","Saskatchewan","2016A000247","Total electricity available for use within specific geographic border","Megawatt hours","210","units","0","v44159155","9.17","2063730","","","","0"
"2022-09","Saskatchewan","2016A000247","Total electricity available for use within specific geographic border","Megawatt hours","210","units","0","v44159155","9.17","1915509","","","","0"
"2022-10","Saskatchewan","2016A000247","Total electricity available for use within specific geographic border","Megawatt hours","210","units","0","v44159155","9.17","2002209","","","","0"
"2022-11","Saskatchewan","2016A000247","Total electricity available for use within specific geographic border","Megawatt hours","210","units","0","v44159155","9.17","2251481","","","","0"
"2022-12","Saskatchewan","2016A000247","Total electricity available for use within specific geographic border","Megawatt hours","210","units","0","v44159155","9.17","2420983","","","","0"
"2023-01","Saskatchewan","2016A000247","Total electricity available for use within specific geographic border","Megawatt hours","210","units","0","v44159155","9.17","2361511","","","","0"
"2023-02","Saskatchewan","2016A000247","Total electricity available for use within specific geographic border","Megawatt hours","210","units","0","v44159155","9.17","2122519","","","","0"
"2023-03","Saskatchewan","2016A000247","Total electricity available for use within specific geographic border","Megawatt hours","210","units","0","v44159155","9.17","2337711","","","","0"
"2023-04","Saskatchewan","2016A000247","Total electricity available for use within specific geographic border","Megawatt hours","210","units","0","v44159155","9.17","2071462","","","","0"
"2023-05","Saskatchewan","2016A000247","Total electricity available for use within specific geographic border","Megawatt hours","210","units","0","v44159155","9.17","2014434","","","","0"
"2023-06","Saskatchewan","2016A000247","Total electricity available for use within specific geographic border","Megawatt hours","210","units","0","v44159155","9.17","1973535","","","","0"
"2023-07","Saskatchewan","2016A000247","Total electricity available for use within specific geographic border","Megawatt hours","210","units","0","v44159155","9.17","2067133","","","","0"
"2023-08","Saskatchewan","2016A000247","Total electricity available for use within specific geographic border","Megawatt hours","210","units","0","v44159155","9.17","2097205","","","","0"
"2023-09","Saskatchewan","2016A000247","Total electricity available for use within specific geographic border","Megawatt hours","210","units","0","v44159155","9.17","1892052","","","","0"
"2023-10","Saskatchewan","2016A000247","Total electricity available for use within specific geographic border","Megawatt hours","210","units","0","v44159155","9.17","1979795","","","","0"
"2023-11","Saskatchewan","2016A000247","Total electricity available for use within specific geographic border","Megawatt hours","210","units","0","v44159155","9.17","2199838","","","","0"
"2022-01","Alberta","2016A000248","Total generation","Megawatt hours","210","units","0","v44159009","10.1","6496975","","","","0"
"2022-02","Alberta","2016A000248","Total generation","Megawatt hours","210","units","0","v44159009","10.1","5554266","","","","0"
"2022-03","Alberta","2016A000248","Total generation","Megawatt hours","210","units","0","v44159009","10.1","5939857","","","","0"
"2022-04","Alberta","2016A000248","Total generation","Megawatt hours","210","units","0","v44159009","10.1","5633719","","","","0"
"2022-05","Alberta","2016A000248","Total generation","Megawatt hours","210","units","0","v44159009","10.1","5941011","","","","0"
"2022-06","Alberta","2016A000248","Total generation","Megawatt hours","210","units","0","v44159009","10.1","5531953","","","","0"
"2022-07","Alberta","2016A000248","Total generation","Megawatt hours","210","units","0","v44159009","10.1","6214221","","","","0"
"2022-08","Alberta","2016A000248","Total generation","Megawatt hours","210","units","0","v44159009","10.1","6394312","","","","0"
"2022-09","Alberta","2016A000248","Total generation","Megawatt hours","210","units","0","v44159009","10.1","6464272","","","","0"
"2022-10","Alberta","2016A000248","Total generation","Megawatt hours","210","units","0","v44159009","10.1","6635396","","","","0"
"2022-11","Alberta","2016A000248","Total generation","Megawatt hours","210","units","0","v44159009","10.1","6937333","","","","0"
"2022-12","Alberta","2016A000248","Total generation","Megawatt hours","210","units","0","v44159009","10.1","7214626","","","","0"
"2023-01","Alberta","2016A000248","Total generation","Megawatt hours","210","units","0","v44159009","10.1","7216818","","","","0"
"2023-02","Alberta","2016A000248","Total generation","Megawatt hours","210","units","0","v44159009","10.1","5975435","","","","0"
"2023-03","Alberta","2016A000248","Total generation","Megawatt hours","210","units","0","v44159009","10.1","6181927","","","","0"
"2023-04","Alberta","2016A000248","Total generation","Megawatt hours","210","units","0","v44159009","10.1","6030834","","","","0"
"2023-05","Alberta","2016A000248","Total generation","Megawatt hours","210","units","0","v44159009","10.1","5809942","","","","0"
"2023-06","Alberta","2016A000248","Total generation","Megawatt hours","210","units","0","v44159009","10.1","5747932","","","","0"
"2023-07","Alberta","2016A000248","Total generation","Megawatt hours","210","units","0","v44159009","10.1","6625233","","","","0"
"2023-08","Alberta","2016A000248","Total generation","Megawatt hours","210","units","0","v44159009","10.1","6527172","","","","0"
"2023-09","Alberta","2016A000248","Total generation","Megawatt hours","210","units","0","v44159009","10.1","6202782","","","","0"
"2023-10","Alberta","2016A000248","Total generation","Megawatt hours","210","units","0","v44159009","10.1","6658168","","","","0"
"2023-11","Alberta","2016A000248","Total generation","Megawatt hours","210","units","0","v44159009","10.1","7089647","","","","0"
"2022-01","Alberta","2016A000248","Total electricity available for use within specific geographic border","Megawatt hours","210","units","0","v44159015","10.17","6879472","","","","0"
"2022-02","Alberta","2016A000248","Total electricity available for use within specific geographic border","Megawatt hours","210","units","0","v44159015","10.17","5952095","","","","0"
"2022-03","Alberta","2016A000248","Total electricity available for use within specific geographic border","Megawatt hours","210","units","0","v44159015","10.17","6424649","","","","0"
"2022-04","Alberta","2016A000248","Total electricity available for use within specific geographic border","Megawatt hours","210","units","0","v44159015","10.17","6069621","","","","0"
"2022-05","Alberta","2016A000248","Total electricity available for use within specific geographic border","Megawatt hours","210","units","0","v44159015","10.17","6285126","","","","0"
"2022-06","Alberta","2016A000248","Total electricity available for use within specific geographic border","Megawatt hours","210","units","0","v44159015","10.17","5997900","","","","0"
"2022-07","Alberta","2016A000248","Total electricity available for use within specific geographic border","Megawatt hours","210","units","0","v44159015","10.17","6742750","","","","0"
"2022-08","Alberta","2016A000248","Total electricity available for use within specific geographic border","Megawatt hours","210","units","0","v44159015","10.17","6783590","","","","0"
"2022-09","Alberta","2016A000248","Total electricity available for use within specific geographic border","Megawatt hours","210","units","0","v44159015","10.17","6658213","","","","0"
"2022-10","Alberta","2016A000248","Total electricity available for use within specific geographic border","Megawatt hours","210","units","0","v44159015","10.17","6712035","","","","0"
"2022-11","Alberta","2016A000248","Total electricity available for use within specific geographic border","Megawatt hours","210","units","0","v44159015","10.17","7148006","","","","0"
"2022-12","Alberta","2016A000248","Total electricity available for use within specific geographic border","Megawatt hours","210","units","0","v44159015","10.17","7146188","","","","0"
"2023-01","Alberta","2016A000248","Total electricity available for use within specific geographic border","Megawatt hours","210","units","0","v44159015","10.17","7058386","","","","0"
"2023-02","Alberta","2016A000248","Total electricity available for use within specific geographic border","Megawatt hours","210","units","0","v44159015","10.17","5989828","","","","0"
"2023-03","Alberta","2016A000248","Total electricity available for use within specific geographic border","Megawatt hours","210","units","0","v44159015","10.17","6361919","","","","0"
"2023-04","Alberta","2016A000248","Total electricity available for use within specific geographic border","Megawatt hours","210","units","0","v44159015","10.17","5807474","","","","0"
"2023-05","Alberta","2016A000248","Total electricity available for use within specific geographic border","Megawatt hours","210","units","0","v44159015","10.17","6169285","","","","0"
"2023-06","Alberta","2016A000248","Total electricity available for use within specific geographic border","Megawatt hours","210","units","0","v44159015","10.17","5950916","","","","0"
"2023-07","Alberta","2016A000248","Total electricity available for use within specific geographic border","Megawatt hours","210","units","0","v44159015","10.17","6724704","","","","0"
"2023-08","Alberta","2016A000248","Total electricity available for use within specific geographic border","Megawatt hours","210","units","0","v44159015","10.17","6608999","","","","0"
"2023-09","Alberta","2016A000248","Total electricity available for use within specific geographic border","Megawatt hours","210","units","0","v44159015","10.17","6298895","","","","0"
"2023-10","Alberta","2016A000248","Total electricity available for use within specific geographic border","Megawatt hours","210","units","0","v44159015","10.17","6576535","","","","0"
"2023-11","Alberta","2016A000248","Total electricity available for use within specific geographic border","Megawatt hours","210","units","0","v44159015","10.17","6904386","","","","0"
"2022-01","British Columbia","2016A000259","Total generation","Megawatt hours","210","units","0","v44159023","11.1","6931258","","","","0"
"2022-02","British Columbia","2016A000259","Total generation","Megawatt hours","210","units","0","v44159023","11.1","6195058","","","","0"
"2022-03","British Columbia","2016A000259","Total generation","Megawatt hours","210","units","0","v44159023","11.1","5987837","","","","0"
"2022-04","British Columbia","2016A000259","Total generation","Megawatt hours","210","units","0","v44159023","11.1","5902868","","","","0"
"2022-05","British Columbia","2016A000259","Total generation","Megawatt hours","210","units","0","v44159023","11.1","4969989","","","","0"
"2022-06","British Columbia","2016A000259","Total generation","Megawatt hours","210","units","0","v44159023","11.1","4882635","","","","0"
"2022-07","British Columbia","2016A000259","Total generation","Megawatt hours","210","units","0","v44159023","11.1","5495946","","","","0"
"2022-08","British Columbia","2016A000259","Total generation","Megawatt hours","210","units","0","v44159023","11.1","6262293","","","","0"
"2022-09","British Columbia","2016A000259","Total generation","Megawatt hours","210","units","0","v44159023","11.1","4917403","","","","0"
"2022-10","British Columbia","2016A000259","Total generation","Megawatt hours","210","units","0","v44159023","11.1","4432718","","","","0"
"2022-11","British Columbia","2016A000259","Total generation","Megawatt hours","210","units","0","v44159023","11.1","6017336","","","","0"
"2022-12","British Columbia","2016A000259","Total generation","Megawatt hours","210","units","0","v44159023","11.1","6838281","","","","0"
"2023-01","British Columbia","2016A000259","Total generation","Megawatt hours","210","units","0","v44159023","11.1","5897996","","","","0"
"2023-02","British Columbia","2016A000259","Total generation","Megawatt hours","210","units","0","v44159023","11.1","5042038","","","","0"
"2023-03","British Columbia","2016A000259","Total generation","Megawatt hours","210","units","0","v44159023","11.1","5521879","","","","0"
"2023-04","British Columbia","2016A000259","Total generation","Megawatt hours","210","units","0","v44159023","11.1","4419195","","","","0"
"2023-05","British Columbia","2016A000259","Total generation","Megawatt hours","210","units","0","v44159023","11.1","4515569","","","","0"
"2023-06","British Columbia","2016A000259","Total generation","Megawatt hours","210","units","0","v44159023","11.1","4151116","","","","0"
"2023-07","British Columbia","2016A000259","Total generation","Megawatt hours","210","units","0","v44159023","11.1","3976948","","","","0"
"2023-08","British Columbia","2016A000259","Total generation","Megawatt hours","210","units","0","v44159023","11.1","4537365","","","","0"
"2023-09","British Columbia","2016A000259","Total generation","Megawatt hours","210","units","0","v44159023","11.1","3620029","","","","0"
"2023-10","British Columbia","2016A000259","Total generation","Megawatt hours","210","units","0","v44159023","11.1","4309872","","","","0"
"2023-11","British Columbia","2016A000259","Total generation","Megawatt hours","210","units","0","v44159023","11.1","5189156","","","","0"
"2022-01","British Columbia","2016A000259","Total electricity available for use within specific geographic border","Megawatt hours","210","units","0","v44159031","11.17","5996703","","","","0"
"2022-02","British Columbia","2016A000259","Total electricity available for use within specific geographic border","Megawatt hours","210","units","0","v44159031","11.17","5675761","","","","0"
"2022-03","British Columbia","2016A000259","Total electricity available for use within specific geographic border","Megawatt hours","210","units","0","v44159031","11.17","5867422","","","","0"
"2022-04","British Columbia","2016A000259","Total electricity available for use within specific geographic border","Megawatt hours","210","units","0","v44159031","11.17","5240902","","","","0"
"2022-05","British Columbia","2016A000259","Total electricity available for use within specific geographic border","Megawatt hours","210","units","0","v44159031","11.17","4880172","","","","0"
"2022-06","British Columbia","2016A000259","Total electricity available for use within specific geographic border","Megawatt hours","210","units","0","v44159031","11.17","4261299","","","","0"
"2022-07","British Columbia","2016A000259","Total electricity available for use within specific geographic border","Megawatt hours","210","units","0","v44159031","11.17","4415055","","","","0"
"2022-08","British Columbia","2016A000259","Total electricity available for use within specific geographic border","Megawatt hours","210","units","0","v44159031","11.17","4870866","","","","0"
"2022-09","British Columbia","2016A000259","Total electricity available for use within specific geographic border","Megawatt hours","210","units","0","v44159031","11.17","4465966","","","","0"
"2022-10","British Columbia","2016A000259","Total electricity available for use within specific geographic border","Megawatt hours","210","units","0","v44159031","11.17","4880649","","","","0"
"2022-11","British Columbia","2016A000259","Total electricity available for use within specific geographic border","Megawatt hours","210","units","0","v44159031","11.17","6002685","","","","0"
"2022-12","British Columbia","2016A000259","Total electricity available for use within specific geographic border","Megawatt hours","210","units","0","v44159031","11.17","6876391","","","","0"
"2023-01","British Columbia","2016A000259","Total electricity available for use within specific geographic border","Megawatt hours","210","units","0","v44159031","11.17","6291468","","","","0"
"2023-02","British Columbia","2016A000259","Total electricity available for use within specific geographic border","Megawatt hours","210","units","0","v44159031","11.17","5970957","","","","0"
"2023-03","British Columbia","2016A000259","Total electricity available for use within specific geographic border","Megawatt hours","210","units","0","v44159031","11.17","6255311","","","","0"
"2023-04","British Columbia","2016A000259","Total electricity available for use within specific geographic border","Megawatt hours","210","units","0","v44159031","11.17","5530779","","","","0"
"2023-05","British Columbia","2016A000259","Total electricity available for use within specific geographic border","Megawatt hours","210","units","0","v44159031","11.17","4675289","","","","0"
"2023-06","British Columbia","2016A000259","Total electricity available for use within specific geographic border","Megawatt hours","210","units","0","v44159031","11.17","4880348","","","","0"
"2023-07","British Columbia","2016A000259","Total electricity available for use within specific geographic border","Megawatt hours","210","units","0","v44159031","11.17","5233571","","","","0"
"2023-08","British Columbia","2016A000259","Total electricity available for use within specific geographic border","Megawatt hours","210","units","0","v44159031","11.17","5281085","","","","0"
"2023-09","British Columbia","2016A000259","Total electricity available for use within specific geographic border","Megawatt hours","210","units","0","v44159031","11.17","4957719","","","","0"
"2023-10","British Columbia","2016A000259","Total electricity available for use within specific geographic border","Megawatt hours","210","units","0","v44159031","11.17","5481719","","","","0"
"2023-11","British Columbia","2016A000259","Total electricity available for use within specific geographic border","Megawatt hours","210","units","0","v44159031","11.17","6211248","","","","0"
"2022-01","Yukon","2016A000260","Total generation","Megawatt hours","210","units","0","v44159040","12.1","62834","","","","0"
"2022-02","Yukon","2016A000260","Total generation","Megawatt hours","210","units","0","v44159040","12.1","50853","","","","0"
"2022-03","Yukon","2016A000260","Total generation","Megawatt hours","210","units","0","v44159040","12.1","51895","","","","0"
"2022-04","Yukon","2016A000260","Total generation","Megawatt hours","210","units","0","v44159040","12.1","43778","","","","0"
"2022-05","Yukon","2016A000260","Total generation","Megawatt hours","210","units","0","v44159040","12.1","43007","","","","0"
"2022-06","Yukon","2016A000260","Total generation","Megawatt hours","210","units","0","v44159040","12.1","36495","","","","0"
"2022-07","Yukon","2016A000260","Total generation","Megawatt hours","210","units","0","v44159040","12.1","35224","","","","0"
"2022-08","Yukon","2016A000260","Total generation","Megawatt hours","210","units","0","v44159040","12.1","38095","","","","0"
"2022-09","Yukon","2016A000260","Total generation","Megawatt hours","210","units","0","v44159040","12.1","36952","","","","0"
"2022-10","Yukon","2016A000260","Total generation","Megawatt hours","210","units","0","v44159040","12.1","46972","","","","0"
"2022-11","Yukon","2016A000260","Total generation","Megawatt hours","210","units","0","v44159040","12.1","55890","","","","0"
"2022-12","Yukon","2016A000260","Total generation","Megawatt hours","210","units","0","v44159040","12.1","68507","","","","0"
"2023-01","Yukon","2016A000260","Total generation","Megawatt hours","210","units","0","v44159040","12.1","61452","","","","0"
"2023-02","Yukon","2016A000260","Total generation","Megawatt hours","210","units","0","v44159040","12.1","53543","","","","0"
"2023-03","Yukon","2016A000260","Total generation","Megawatt hours","210","units","0","v44159040","12.1","56176","","","","0"
"2023-04","Yukon","2016A000260","Total generation","Megawatt hours","210","units","0","v44159040","12.1","43336","","","","0"
"2023-05","Yukon","2016A000260","Total generation","Megawatt hours","210","units","0","v44159040","12.1","41007","","","","0"
"2023-06","Yukon","2016A000260","Total generation","Megawatt hours","210","units","0","v44159040","12.1","34276","","","","0"
"2023-07","Yukon","2016A000260","Total generation","Megawatt hours","210","units","0","v44159040","12.1","33274","","","","0"
"2023-08","Yukon","2016A000260","Total generation","Megawatt hours","210","units","0","v44159040","12.1","34305","","","","0"
"2023-09","Yukon","2016A000260","Total generation","Megawatt hours","210","units","0","v44159040","12.1","37029","","","","0"
"2023-10","Yukon","2016A000260","Total generation","Megawatt hours","210","units","0","v44159040","12.1","50892","","","","0"
"2023-11","Yukon","2016A000260","Total generation","Megawatt hours","210","units","0","v44159040","12.1","63017","","","","0"
"2022-01","Yukon","2016A000260","Total electricity available for use within specific geographic border","Megawatt hours","210","units","0","v44159041","12.17","62834","","","","0"
"2022-02","Yukon","2016A000260","Total electricity available for use within specific geographic border","Megawatt hours","210","units","0","v44159041","12.17","50853","","","","0"
"2022-03","Yukon","2016A000260","Total electricity available for use within specific geographic border","Megawatt hours","210","units","0","v44159041","12.17","51895","","","","0"
"2022-04","Yukon","2016A000260","Total electricity available for use within specific geographic border","Megawatt hours","210","units","0","v44159041","12.17","43778","","","","0"
"2022-05","Yukon","2016A000260","Total electricity available for use within specific geographic border","Megawatt hours","210","units","0","v44159041","12.17","43007","","","","0"
"2022-06","Yukon","2016A000260","Total electricity available for use within specific geographic border","Megawatt hours","210","units","0","v44159041","12.17","36495","","","","0"
"2022-07","Yukon","2016A000260","Total electricity available for use within specific geographic border","Megawatt hours","210","units","0","v44159041","12.17","35224","","","","0"
"2022-08","Yukon","2016A000260","Total electricity available for use within specific geographic border","Megawatt hours","210","units","0","v44159041","12.17","38095","","","","0"
"2022-09","Yukon","2016A000260","Total electricity available for use within specific geographic border","Megawatt hours","210","units","0","v44159041","12.17","36952","","","","0"
"2022-10","Yukon","2016A000260","Total electricity available for use within specific geographic border","Megawatt hours","210","units","0","v44159041","12.17","46972","","","","0"
"2022-11","Yukon","2016A000260","Total electricity available for use within specific geographic border","Megawatt hours","210","units","0","v44159041","12.17","55890","","","","0"
"2022-12","Yukon","2016A000260","Total electricity available for use within specific geographic border","Megawatt hours","210","units","0","v44159041","12.17","68507","","","","0"
"2023-01","Yukon","2016A000260","Total electricity available for use within specific geographic border","Megawatt hours","210","units","0","v44159041","12.17","61452","","","","0"
"2023-02","Yukon","2016A000260","Total electricity available for use within specific geographic border","Megawatt hours","210","units","0","v44159041","12.17","53543","","","","0"
"2023-03","Yukon","2016A000260","Total electricity available for use within specific geographic border","Megawatt hours","210","units","0","v44159041","12.17","56176","","","","0"
"2023-04","Yukon","2016A000260","Total electricity available for use within specific geographic border","Megawatt hours","210","units","0","v44159041","12.17","43336","","","","0"
"2023-05","Yukon","2016A000260","Total electricity available for use within specific geographic border","Megawatt hours","210","units","0","v44159041","12.17","41007","","","","0"
"2023-06","Yukon","2016A000260","Total electricity available for use within specific geographic border","Megawatt hours","210","units","0","v44159041","12.17","34276","","","","0"
"2023-07","Yukon","2016A000260","Total electricity available for use within specific geographic border","Megawatt hours","210","units","0","v44159041","12.17","33274","","","","0"
"2023-08","Yukon","2016A000260","Total electricity available for use within specific geographic border","Megawatt hours","210","units","0","v44159041","12.17","34305","","","","0"
"2023-09","Yukon","2016A000260","Total electricity available for use within specific geographic border","Megawatt hours","210","units","0","v44159041","12.17","37029","","","","0"
"2023-10","Yukon","2016A000260","Total electricity available for use within specific geographic border","Megawatt hours","210","units","0","v44159041","12.17","50892","","","","0"
"2023-11","Yukon","2016A000260","Total electricity available for use within specific geographic border","Megawatt hours","210","units","0","v44159041","12.17","63017","","","","0"
"2022-01","Northwest Territories","2016A000261","Total generation","Megawatt hours","210","units","0","v44159042","13.1","70307","","","","0"
"2022-02","Northwest Territories","2016A000261","Total generation","Megawatt hours","210","units","0","v44159042","13.1","65084","","","","0"
"2022-03","Northwest Territories","2016A000261","Total generation","Megawatt hours","210","units","0","v44159042","13.1","64056","","","","0"
"2022-04","Northwest Territories","2016A000261","Total generation","Megawatt hours","210","units","0","v44159042","13.1","58889","","","","0"
"2022-05","Northwest Territories","2016A000261","Total generation","Megawatt hours","210","units","0","v44159042","13.1","56759","","","","0"
"2022-06","Northwest Territories","2016A000261","Total generation","Megawatt hours","210","units","0","v44159042","13.1","51923","","","","0"
"2022-07","Northwest Territories","2016A000261","Total generation","Megawatt hours","210","units","0","v44159042","13.1","53724","","","","0"
"2022-08","Northwest Territories","2016A000261","Total generation","Megawatt hours","210","units","0","v44159042","13.1","51834","","","","0"
"2022-09","Northwest Territories","2016A000261","Total generation","Megawatt hours","210","units","0","v44159042","13.1","51064","","","","0"
"2022-10","Northwest Territories","2016A000261","Total generation","Megawatt hours","210","units","0","v44159042","13.1","58905","","","","0"
"2022-11","Northwest Territories","2016A000261","Total generation","Megawatt hours","210","units","0","v44159042","13.1","60533","","","","0"
"2022-12","Northwest Territories","2016A000261","Total generation","Megawatt hours","210","units","0","v44159042","13.1","70778","","","","0"
"2023-01","Northwest Territories","2016A000261","Total generation","Megawatt hours","210","units","0","v44159042","13.1","68855","","","","0"
"2023-02","Northwest Territories","2016A000261","Total generation","Megawatt hours","210","units","0","v44159042","13.1","65602","","","","0"
"2023-03","Northwest Territories","2016A000261","Total generation","Megawatt hours","210","units","0","v44159042","13.1","63172","","","","0"
"2023-04","Northwest Territories","2016A000261","Total generation","Megawatt hours","210","units","0","v44159042","13.1","57756","","","","0"
"2023-05","Northwest Territories","2016A000261","Total generation","Megawatt hours","210","units","0","v44159042","13.1","50491","","","","0"
"2023-06","Northwest Territories","2016A000261","Total generation","Megawatt hours","210","units","0","v44159042","13.1","52988","","","","0"
"2023-07","Northwest Territories","2016A000261","Total generation","Megawatt hours","210","units","0","v44159042","13.1","51245","","","","0"
"2023-08","Northwest Territories","2016A000261","Total generation","Megawatt hours","210","units","0","v44159042","13.1","47157","","","","0"
"2023-09","Northwest Territories","2016A000261","Total generation","Megawatt hours","210","units","0","v44159042","13.1","48440","","","","0"
"2023-10","Northwest Territories","2016A000261","Total generation","Megawatt hours","210","units","0","v44159042","13.1","47285","","","","0"
"2023-11","Northwest Territories","2016A000261","Total generation","Megawatt hours","210","units","0","v44159042","13.1","56018","","","","0"
"2022-01","Northwest Territories","2016A000261","Total electricity available for use within specific geographic border","Megawatt hours","210","units","0","v44159043","13.17","70307","","","","0"
"2022-02","Northwest Territories","2016A000261","Total electricity available for use within specific geographic border","Megawatt hours","210","units","0","v44159043","13.17","65084","","","","0"
"2022-03","Northwest Territories","2016A000261","Total electricity available for use within specific geographic border","Megawatt hours","210","units","0","v44159043","13.17","64056","","","","0"
"2022-04","Northwest Territories","2016A000261","Total electricity available for use within specific geographic border","Megawatt hours","210","units","0","v44159043","13.17","58889","","","","0"
"2022-05","Northwest Territories","2016A000261","Total electricity available for use within specific geographic border","Megawatt hours","210","units","0","v44159043","13.17","56759","","","","0"
"2022-06","Northwest Territories","2016A000261","Total electricity available for use within specific geographic border","Megawatt hours","210","units","0","v44159043","13.17","51923","","","","0"
"2022-07","Northwest Territories","2016A000261","Total electricity available for use within specific geographic border","Megawatt hours","210","units","0","v44159043","13.17","53724","","","","0"
"2022-08","Northwest Territories","2016A000261","Total electricity available for use within specific geographic border","Megawatt hours","210","units","0","v44159043","13.17","51834","","","","0"
"2022-09","Northwest Territories","2016A000261","Total electricity available for use within specific geographic border","Megawatt hours","210","units","0","v44159043","13.17","51064","","","","0"
"2022-10","Northwest Territories","2016A000261","Total electricity available for use within specific geographic border","Megawatt hours","210","units","0","v44159043","13.17","58905","","","","0"
"2022-11","Northwest Territories","2016A000261","Total electricity available for use within specific geographic border","Megawatt hours","210","units","0","v44159043","13.17","60533","","","","0"
"2022-12","Northwest Territories","2016A000261","Total electricity available for use within specific geographic border","Megawatt hours","210","units","0","v44159043","13.17","70778","","","","0"
"2023-01","Northwest Territories","2016A000261","Total electricity available for use within specific geographic border","Megawatt hours","210","units","0","v44159043","13.17","68855","","","","0"
"2023-02","Northwest Territories","2016A000261","Total electricity available for use within specific geographic border","Megawatt hours","210","units","0","v44159043","13.17","65602","","","","0"
"2023-03","Northwest Territories","2016A000261","Total electricity available for use within specific geographic border","Megawatt hours","210","units","0","v44159043","13.17","63172","","","","0"
"2023-04","Northwest Territories","2016A000261","Total electricity available for use within specific geographic border","Megawatt hours","210","units","0","v44159043","13.17","57756","","","","0"
"2023-05","Northwest Territories","2016A000261","Total electricity available for use within specific geographic border","Megawatt hours","210","units","0","v44159043","13.17","50491","","","","0"
"2023-06","Northwest Territories","2016A000261","Total electricity available for use within specific geographic border","Megawatt hours","210","units","0","v44159043","13.17","52988","","","","0"
"2023-07","Northwest Territories","2016A000261","Total electricity available for use within specific geographic border","Megawatt hours","210","units","0","v44159043","13.17","51245","","","","0"
"2023-08","Northwest Territories","2016A000261","Total electricity available for use within specific geographic border","Megawatt hours","210","units","0","v44159043","13.17","47157","","","","0"
"2023-09","Northwest Territories","2016A000261","Total electricity available for use within specific geographic border","Megawatt hours","210","units","0","v44159043","13.17","48440","","","","0"
"2023-10","Northwest Territories","2016A000261","Total electricity available for use within specific geographic border","Megawatt hours","210","units","0","v44159043","13.17","47285","","","","0"
"2023-11","Northwest Territories","2016A000261","Total electricity available for use within specific geographic border","Megawatt hours","210","units","0","v44159043","13.17","56018","","","","0"
"2022-01","Nunavut","2016A000262","Total generation","Megawatt hours","210","units","0","v44159044","14.1","18626","","","","0"
"2022-02","Nunavut","2016A000262","Total generation","Megawatt hours","210","units","0","v44159044","14.1","17178","","","","0"
"2022-03","Nunavut","2016A000262","Total generation","Megawatt hours","210","units","0","v44159044","14.1","18038","","","","0"
"2022-04","Nunavut","2016A000262","Total generation","Megawatt hours","210","units","0","v44159044","14.1","16071","","","","0"
"2022-05","Nunavut","2016A000262","Total generation","Megawatt hours","210","units","0","v44159044","14.1","15324","","","","0"
"2022-06","Nunavut","2016A000262","Total generation","Megawatt hours","210","units","0","v44159044","14.1","13611","","","","0"
"2022-07","Nunavut","2016A000262","Total generation","Megawatt hours","210","units","0","v44159044","14.1","13790","","","","0"
"2022-08","Nunavut","2016A000262","Total generation","Megawatt hours","210","units","0","v44159044","14.1","14405","","","","0"
"2022-09","Nunavut","2016A000262","Total generation","Megawatt hours","210","units","0","v44159044","14.1","14723","","","","0"
"2022-10","Nunavut","2016A000262","Total generation","Megawatt hours","210","units","0","v44159044","14.1","16400","","","","0"
"2022-11","Nunavut","2016A000262","Total generation","Megawatt hours","210","units","0","v44159044","14.1","17358","","","","0"
"2022-12","Nunavut","2016A000262","Total generation","Megawatt hours","210","units","0","v44159044","14.1","15010","","","","0"
"2023-01","Nunavut","2016A000262","Total generation","Megawatt hours","210","units","0","v44159044","14.1","18813","","","","0"
"2023-02","Nunavut","2016A000262","Total generation","Megawatt hours","210","units","0","v44159044","14.1","17103","","","","0"
"2023-03","Nunavut","2016A000262","Total generation","Megawatt hours","210","units","0","v44159044","14.1","18073","","","","0"
"2023-04","Nunavut","2016A000262","Total generation","Megawatt hours","210","units","0","v44159044","14.1","16294","","","","0"
"2023-05","Nunavut","2016A000262","Total generation","Megawatt hours","210","units","0","v44159044","14.1","15424","","","","0"
"2023-06","Nunavut","2016A000262","Total generation","Megawatt hours","210","units","0","v44159044","14.1","13978","","","","0"
"2023-07","Nunavut","2016A000262","Total generation","Megawatt hours","210","units","0","v44159044","14.1","13976","","","","0"
"2023-08","Nunavut","2016A000262","Total generation","Megawatt hours","210","units","0","v44159044","14.1","14385","","","","0"
"2023-09","Nunavut","2016A000262","Total generation","Megawatt hours","210","units","0","v44159044","14.1","14630","","","","0"
"2023-10","Nunavut","2016A000262","Total generation","Megawatt hours","210","units","0","v44159044","14.1","16165","","","","0"
"2023-11","Nunavut","2016A000262","Total generation","Megawatt hours","210","units","0","v44159044","14.1","17028","","","","0"
"2022-01","Nunavut","2016A000262","Total electricity available for use within specific geographic border","Megawatt hours","210","units","0","v44159045","14.17","18626","","","","0"
"2022-02","Nunavut","2016A000262","Total electricity available for use within specific geographic border","Megawatt hours","210","units","0","v44159045","14.17","17178","","","","0"
"2022-03","Nunavut","2016A000262","Total electricity available for use within specific geographic border","Megawatt hours","210","units","0","v44159045","14.17","18038","","","","0"
"2022-04","Nunavut","2016A000262","Total electricity available for use within specific geographic border","Megawatt hours","210","units","0","v44159045","14.17","16071","","","","0"
"2022-05","Nunavut","2016A000262","Total electricity available for use within specific geographic border","Megawatt hours","210","units","0","v44159045","14.17","15324","","","","0"
"2022-06","Nunavut","2016A000262","Total electricity available for use within specific geographic border","Megawatt hours","210","units","0","v44159045","14.17","13611","","","","0"
"2022-07","Nunavut","2016A000262","Total electricity available for use within specific geographic border","Megawatt hours","210","units","0","v44159045","14.17","13790","","","","0"
"2022-08","Nunavut","2016A000262","Total electricity available for use within specific geographic border","Megawatt hours","210","units","0","v44159045","14.17","14405","","","","0"
"2022-09","Nunavut","2016A000262","Total electricity available for use within specific geographic border","Megawatt hours","210","units","0","v44159045","14.17","14723","","","","0"
"2022-10","Nunavut","2016A000262","Total electricity available for use within specific geographic border","Megawatt hours","210","units","0","v44159045","14.17","16400","","","","0"
"2022-11","Nunavut","2016A000262","Total electricity available for use within specific geographic border","Megawatt hours","210","units","0","v44159045","14.17","17358","","","","0"
"2022-12","Nunavut","2016A000262","Total electricity available for use within specific geographic border","Megawatt hours","210","units","0","v44159045","14.17","15010","","","","0"
"2023-01","Nunavut","2016A000262","Total electricity available for use within specific geographic border","Megawatt hours","210","units","0","v44159045","14.17","18813","","","","0"
"2023-02","Nunavut","2016A000262","Total electricity available for use within specific geographic border","Megawatt hours","210","units","0","v44159045","14.17","17103","","","","0"
"2023-03","Nunavut","2016A000262","Total electricity available for use within specific geographic border","Megawatt hours","210","units","0","v44159045","14.17","18073","","","","0"
"2023-04","Nunavut","2016A000262","Total electricity available for use within specific geographic border","Megawatt hours","210","units","0","v44159045","14.17","16294","","","","0"
"2023-05","Nunavut","2016A000262","Total electricity available for use within specific geographic border","Megawatt hours","210","units","0","v44159045","14.17","15424","","","","0"
"2023-06","Nunavut","2016A000262","Total electricity available for use within specific geographic border","Megawatt hours","210","units","0","v44159045","14.17","13978","","","","0"
"2023-07","Nunavut","2016A000262","Total electricity available for use within specific geographic border","Megawatt hours","210","units","0","v44159045","14.17","13976","","","","0"
"2023-08","Nunavut","2016A000262","Total electricity available for use within specific geographic border","Megawatt hours","210","units","0","v44159045","14.17","14385","","","","0"
"2023-09","Nunavut","2016A000262","Total electricity available for use within specific geographic border","Megawatt hours","210","units","0","v44159045","14.17","14630","","","","0"
"2023-10","Nunavut","2016A000262","Total electricity available for use within specific geographic border","Megawatt hours","210","units","0","v44159045","14.17","16165","","","","0"
"2023-11","Nunavut","2016A000262","Total electricity available for use within specific geographic border","Megawatt hours","210","units","0","v44159045","14.17","17028","","","","0"


